timestamp,city,temperature,humidity
1754668800,Cape Town,14.69,75
1754668800,Kigali,22.37,46
1754668800,Kampala,21.52,69
1754672400,Cape Town,13.91,81
1754672400,Kigali,21.78,48
1754672400,Kampala,20.96,72
1754676000,Cape Town,13.3,79
1754676000,Kigali,24.62,47
1754676000,Kampala,20.67,73
1754679600,Cape Town,12.98,87
1754679600,Kigali,20.66,53
1754679600,Kampala,20.24,76
1754683200,Cape Town,12.41,80
1754683200,Kigali,22.62,56
1754683200,Kampala,19.76,78
1754686800,Cape Town,12.27,80
1754686800,Kigali,19.5,58
1754686800,Kampala,18.24,86
1754690400,Cape Town,11.91,81
1754690400,Kigali,18.59,61
1754690400,Kampala,17.34,91
1754694000,Cape Town,13.11,86
1754694000,Kigali,19.76,68
1754694000,Kampala,16.7,95
1754697600,Cape Town,11.38,84
1754697600,Kigali,17.11,65
1754697600,Kampala,16.4,96
1754701200,Cape Town,12.08,85
1754701200,Kigali,19.2,72
1754701200,Kampala,16.07,96
1754704800,Cape Town,11.05,86
1754704800,Kigali,16.47,68
1754704800,Kampala,15.88,96
1754708400,Cape Town,11.88,85
1754708400,Kigali,19.62,73
1754708400,Kampala,15.72,96
1754712000,Cape Town,12.65,86
1754712000,Kigali,15.26,72
1754712000,Kampala,15.61,96
1754715600,Cape Town,13.27,81
1754715600,Kigali,19.2,72
1754715600,Kampala,17.6,88
1754719200,Cape Town,12.44,90
1754719200,Kigali,19.76,68
1754719200,Kampala,20.66,74
1754722800,Cape Town,14.03,80
1754722800,Kigali,24.25,43
1754722800,Kampala,24.22,57
1754726400,Cape Town,14.37,77
1754726400,Kigali,20.62,68
1754726400,Kampala,27.58,43
1754730000,Cape Town,14.81,78
1754730000,Kigali,21.62,64
1754730000,Kampala,29.65,37
1754733600,Cape Town,13.71,78
1754733600,Kigali,23.62,57
1754733600,Kampala,28.27,42
1754737200,Cape Town,13.41,80
1754737200,Kigali,28.54,28
1754737200,Kampala,24.53,56
1754740800,Cape Town,14.85,67
1754740800,Kigali,27.93,29
1754740800,Kampala,23.07,63
1754744400,Cape Town,14.01,73
1754744400,Kigali,19.62,73
1754744400,Kampala,22.86,65
1754748000,Cape Town,14.49,68
1754748000,Kigali,27.31,30
1754748000,Kampala,21.97,70
1754751600,Cape Town,14.16,71
1754751600,Kigali,19.62,77
1754751600,Kampala,19.07,84
1754755200,Cape Town,14.0,73
1754755200,Kigali,18.62,82
1754755200,Kampala,18.06,90
1754758800,Cape Town,13.74,72
1754758800,Kigali,18.62,77
1754758800,Kampala,17.22,90
1754762400,Cape Town,13.33,75
1754762400,Kigali,21.44,51
1754762400,Kampala,17.02,91
1754766000,Cape Town,13.44,74
1754766000,Kigali,19.09,64
1754766000,Kampala,16.86,92
1754769600,Cape Town,12.9,78
1754769600,Kigali,16.98,82
1754769600,Kampala,16.81,92
1754773200,Cape Town,12.8,85
1754773200,Kigali,17.14,78
1754773200,Kampala,16.78,92
1754776800,Cape Town,12.38,86
1754776800,Kigali,16.73,79
1754776800,Kampala,16.67,93
1754780400,Cape Town,12.66,82
1754780400,Kigali,16.98,82
1754780400,Kampala,16.41,93
1754784000,Cape Town,12.55,81
1754784000,Kigali,15.87,88
1754784000,Kampala,16.43,92
1754787600,Cape Town,11.63,89
1754787600,Kigali,15.87,88
1754787600,Kampala,16.21,93
1754791200,Cape Town,11.63,90
1754791200,Kigali,14.76,100
1754791200,Kampala,16.01,93
1754794800,Cape Town,11.56,90
1754794800,Kigali,14.76,100
1754794800,Kampala,15.84,94
1754798400,Cape Town,11.46,90
1754798400,Kigali,15.87,88
1754798400,Kampala,15.76,94
1754802000,Cape Town,11.14,91
1754802000,Kigali,15.87,88
1754802000,Kampala,17.78,86
1754805600,Cape Town,12.01,72
1754805600,Kigali,17.62,82
1754805600,Kampala,20.77,72
1754809200,Cape Town,12.03,83
1754809200,Kigali,19.62,73
1754809200,Kampala,24.02,57
1754812800,Cape Town,14.1,69
1754812800,Kigali,21.62,64
1754812800,Kampala,26.88,45
1754816400,Cape Town,15.36,61
1754816400,Kigali,24.2,53
1754816400,Kampala,28.44,41
1754820000,Cape Town,14.89,61
1754820000,Kigali,25.62,47
1754820000,Kampala,27.45,45
1754823600,Cape Town,15.74,58
1754823600,Kigali,29.28,31
1754823600,Kampala,24.46,56
1754827200,Cape Town,14.23,53
1754827200,Kigali,26.98,42
1754827200,Kampala,23.14,62
1754830800,Cape Town,15.66,58
1754830800,Kigali,24.76,44
1754830800,Kampala,22.39,67
1754834400,Cape Town,14.91,61
1754834400,Kigali,24.43,44
1754834400,Kampala,22.07,70
1754838000,Cape Town,13.61,56
1754838000,Kigali,24.2,50
1754838000,Kampala,22.23,69
1754841600,Cape Town,13.25,70
1754841600,Kigali,17.78,82
1754841600,Kampala,20.82,75
1754845200,Cape Town,12.47,67
1754845200,Kigali,23.62,57
1754845200,Kampala,18.99,84
1754848800,Cape Town,12.34,63
1754848800,Kigali,17.05,91
1754848800,Kampala,18.5,86
1754852400,Cape Town,12.06,63
1754852400,Kigali,22.62,60
1754852400,Kampala,18.06,87
1754856000,Cape Town,11.84,64
1754856000,Kigali,21.62,68
1754856000,Kampala,17.93,87
1754859600,Cape Town,11.77,68
1754859600,Kigali,16.78,89
1754859600,Kampala,17.65,88
1754863200,Cape Town,11.55,68
1754863200,Kigali,16.79,89
1754863200,Kampala,17.3,90
1754870400,Cape Town,11.03,71
1754870400,Kigali,19.2,72
1754870400,Kampala,16.64,94
1754877600,Cape Town,10.57,77
1754877600,Kigali,16.98,93
1754877600,Kampala,16.45,95
1754881200,Cape Town,10.42,77
1754881200,Kigali,16.58,88
1754881200,Kampala,16.37,95
1754884800,Cape Town,10.23,72
1754884800,Kigali,16.98,82
1754884800,Kampala,16.46,94
1754888400,Cape Town,10.18,80
1754888400,Kigali,15.87,93
1754888400,Kampala,18.17,89
1754892000,Cape Town,11.13,69
1754892000,Kigali,18.0,81
1754892000,Kampala,20.83,77
1754895600,Cape Town,11.76,74
1754895600,Kigali,19.76,68
1754895600,Kampala,23.88,62
1754899200,Cape Town,13.38,69
1754899200,Kigali,21.98,56
1754899200,Kampala,25.87,54
1754902800,Cape Town,15.44,58
1754902800,Kigali,21.98,56
1754902800,Kampala,27.53,48
1754906400,Cape Town,16.59,56
1754906400,Kigali,24.79,52
1754906400,Kampala,27.9,45
1754910000,Cape Town,14.79,57
1754910000,Kigali,25.63,50
1754910000,Kampala,27.24,45
1754913600,Cape Town,17.8,49
1754913600,Kigali,26.98,39
1754913600,Kampala,25.11,54
1754917200,Cape Town,17.52,49
1754917200,Kigali,24.76,44
1754917200,Kampala,23.01,65
1754920800,Cape Town,16.15,58
1754920800,Kigali,23.62,53
1754920800,Kampala,22.56,66
1754924400,Cape Town,14.57,62
1754924400,Kigali,18.69,81
1754924400,Kampala,22.22,68
1754928000,Cape Town,12.96,70
1754928000,Kigali,21.62,68
1754928000,Kampala,20.89,74
1754931600,Cape Town,12.33,68
1754931600,Kigali,21.62,68
1754931600,Kampala,20.48,76
1754935200,Cape Town,12.54,64
1754935200,Kigali,18.0,87
1754935200,Kampala,20.36,77
1754938800,Cape Town,12.08,77
1754938800,Kigali,19.76,73
1754938800,Kampala,20.37,77
1754942400,Cape Town,11.85,78
1754942400,Kigali,18.09,100
1754942400,Kampala,20.22,78
1754946000,Cape Town,11.09,74
1754946000,Kigali,17.74,87
1754946000,Kampala,20.06,79
1754949600,Cape Town,11.67,69
1754949600,Kigali,18.09,93
1754949600,Kampala,19.57,80
1754956800,Cape Town,11.37,79
1754956800,Kigali,16.98,93
1754956800,Kampala,17.75,91
1754964000,Cape Town,11.21,68
1754964000,Kigali,17.03,86
1754964000,Kampala,17.05,93
1754967600,Cape Town,10.71,69
1754967600,Kigali,16.98,93
1754967600,Kampala,17.03,92
1754971200,Cape Town,10.83,79
1754971200,Kigali,18.09,93
1754971200,Kampala,17.12,92
1754974800,Cape Town,10.7,80
1754974800,Kigali,17.39,86
1754974800,Kampala,18.61,87
1754978400,Cape Town,9.04,80
1754978400,Kigali,18.09,93
1754978400,Kampala,21.63,74
1754982000,Cape Town,11.98,77
1754982000,Kigali,19.69,75
1754982000,Kampala,24.41,58
1754985600,Cape Town,13.5,73
1754985600,Kigali,19.76,73
1754985600,Kampala,26.47,49
1754989200,Cape Town,15.11,68
1754989200,Kigali,21.79,66
1754989200,Kampala,27.44,45
1754992800,Cape Town,16.85,61
1754992800,Kigali,21.98,60
1754992800,Kampala,27.13,46
1754996400,Cape Town,14.47,70
1754996400,Kigali,22.62,60
1754996400,Kampala,26.09,49
1755000000,Cape Town,17.05,65
1755000000,Kigali,20.87,64
1755000000,Kampala,26.02,49
1755003600,Cape Town,17.14,27
1755003600,Kigali,19.89,77
1755003600,Kampala,25.57,50
1755007200,Cape Town,14.64,64
1755007200,Kigali,20.87,64
1755007200,Kampala,24.81,52
1755010800,Cape Town,14.24,65
1755010800,Kigali,20.87,64
1755010800,Kampala,23.66,56
1755014400,Cape Town,14.69,67
1755014400,Kigali,20.87,68
1755014400,Kampala,22.09,63
1755018000,Cape Town,13.07,77
1755018000,Kigali,19.76,73
1755018000,Kampala,20.74,69
1755021600,Cape Town,12.76,78
1755021600,Kigali,17.95,82
1755021600,Kampala,20.21,72
1755025200,Cape Town,12.58,78
1755025200,Kigali,17.95,82
1755025200,Kampala,20.1,73
1755028800,Cape Town,12.69,77
1755028800,Kigali,17.78,83
1755028800,Kampala,19.28,76
1755032400,Cape Town,11.38,81
1755032400,Kigali,19.76,73
1755032400,Kampala,18.99,78
1755036000,Cape Town,12.4,80
1755036000,Kigali,16.98,88
1755036000,Kampala,18.64,79
1755043200,Cape Town,11.64,81
1755043200,Kigali,16.98,88
1755043200,Kampala,18.3,80
1755050400,Cape Town,11.45,81
1755050400,Kigali,15.87,93
1755050400,Kampala,18.87,76
1755054000,Cape Town,11.19,81
1755054000,Kigali,15.87,93
1755054000,Kampala,19.22,74
1755057600,Cape Town,9.89,80
1755057600,Kigali,15.87,93
1755057600,Kampala,18.88,77
1755061200,Cape Town,9.43,82
1755061200,Kigali,14.76,100
1755061200,Kampala,19.9,78
1755064800,Cape Town,9.79,83
1755064800,Kigali,16.98,88
1755064800,Kampala,22.58,68
1755068400,Cape Town,10.74,87
1755068400,Kigali,19.2,77
1755068400,Kampala,24.87,53
1755072000,Cape Town,12.9,82
1755072000,Kigali,20.87,64
1755072000,Kampala,27.35,41
1755075600,Cape Town,14.58,73
1755075600,Kigali,21.98,56
1755075600,Kampala,28.45,38
1755079200,Cape Town,15.92,65
1755079200,Kigali,22.62,56
1755079200,Kampala,28.07,39
1755082800,Cape Town,16.35,62
1755082800,Kigali,24.62,44
1755082800,Kampala,26.93,42
1755086400,Cape Town,16.82,58
1755086400,Kigali,24.62,44
1755086400,Kampala,25.91,45
1755090000,Cape Town,16.88,57
1755090000,Kigali,24.76,41
1755090000,Kampala,24.44,52
1755093600,Cape Town,17.03,55
1755093600,Kigali,24.76,41
1755093600,Kampala,22.79,59
1755097200,Cape Town,15.44,62
1755097200,Kigali,24.76,41
1755097200,Kampala,22.29,62
1755100800,Cape Town,14.67,68
1755100800,Kigali,24.2,44
1755100800,Kampala,21.42,67
1755104400,Cape Town,13.65,73
1755104400,Kigali,21.98,53
1755104400,Kampala,20.77,71
1755108000,Cape Town,11.59,78
1755108000,Kigali,21.98,53
1755108000,Kampala,20.39,73
1755111600,Cape Town,10.99,78
1755111600,Kigali,20.87,60
1755111600,Kampala,20.06,75
1755115200,Cape Town,10.72,78
1755115200,Kigali,19.76,64
1755115200,Kampala,19.55,77
1755118800,Cape Town,11.14,78
1755118800,Kigali,19.2,68
1755118800,Kampala,18.74,81
1755122400,Cape Town,11.68,76
1755122400,Kigali,19.2,68
1755122400,Kampala,18.35,82
1755129600,Cape Town,11.18,78
1755129600,Kigali,19.2,68
1755129600,Kampala,17.96,82
1755136800,Cape Town,11.07,81
1755136800,Kigali,16.98,77
1755136800,Kampala,17.33,83
1755140400,Cape Town,11.23,81
1755140400,Kigali,16.98,77
1755140400,Kampala,17.24,82
1755144000,Cape Town,10.7,82
1755144000,Kigali,15.87,82
1755144000,Kampala,16.92,83
1755147600,Cape Town,10.82,80
1755147600,Kigali,15.87,88
1755147600,Kampala,19.3,74
1755151200,Cape Town,10.58,83
1755151200,Kigali,19.62,68
1755151200,Kampala,22.95,59
1755154800,Cape Town,13.28,82
1755154800,Kigali,20.87,64
1755154800,Kampala,26.06,47
1755158400,Cape Town,14.08,79
1755158400,Kigali,23.09,53
1755158400,Kampala,27.9,41
1755162000,Cape Town,15.18,74
1755162000,Kigali,24.2,47
1755162000,Kampala,28.44,39
1755165600,Cape Town,15.71,70
1755165600,Kigali,25.87,39
1755165600,Kampala,26.16,46
1755169200,Cape Town,16.18,68
1755169200,Kigali,25.87,36
1755169200,Kampala,23.74,58
1755172800,Cape Town,17.37,65
1755172800,Kigali,26.98,37
1755172800,Kampala,22.46,65
1755176400,Cape Town,17.32,67
1755176400,Kigali,26.98,37
1755176400,Kampala,23.86,57
1755180000,Cape Town,16.09,73
1755180000,Kigali,26.98,34
1755180000,Kampala,24.15,55
1755183600,Cape Town,14.92,75
1755183600,Kigali,26.98,34
1755183600,Kampala,23.48,57
1755187200,Cape Town,14.85,76
1755187200,Kigali,24.76,41
1755187200,Kampala,21.26,67
1755190800,Cape Town,13.97,80
1755190800,Kigali,24.2,44
1755190800,Kampala,21.15,68
1755194400,Cape Town,14.22,81
1755194400,Kigali,23.09,47
1755194400,Kampala,20.44,71
1755198000,Cape Town,13.91,83
1755198000,Kigali,23.09,47
1755198000,Kampala,19.59,75
1755201600,Cape Town,13.91,84
1755201600,Kigali,23.09,47
1755201600,Kampala,19.1,76
1755205200,Cape Town,13.71,85
1755205200,Kigali,20.87,56
1755205200,Kampala,18.8,77
1755208800,Cape Town,13.63,85
1755208800,Kigali,20.87,60
1755208800,Kampala,18.38,78
1755216000,Cape Town,11.81,86
1755216000,Kigali,20.87,60
1755216000,Kampala,17.56,83
1755223200,Cape Town,10.94,87
1755223200,Kigali,19.76,64
1755223200,Kampala,16.53,92
1755226800,Cape Town,10.89,89
1755226800,Kigali,19.2,72
1755226800,Kampala,16.15,95
1755230400,Cape Town,11.47,90
1755230400,Kigali,19.2,68
1755230400,Kampala,16.24,95
1755234000,Cape Town,11.25,90
1755234000,Kigali,19.2,72
1755234000,Kampala,18.31,87
1755237600,Cape Town,11.35,90
1755237600,Kigali,19.2,72
1755237600,Kampala,21.36,73
1755241200,Cape Town,12.25,89
1755241200,Kigali,20.87,68
1755241200,Kampala,24.56,57
1755244800,Cape Town,13.88,86
1755244800,Kigali,22.62,64
1755244800,Kampala,26.2,51
1755248400,Cape Town,15.44,80
1755248400,Kigali,23.09,50
1755248400,Kampala,27.38,48
1755252000,Cape Town,16.32,77
1755252000,Kigali,24.76,41
1755252000,Kampala,27.86,45
1755255600,Cape Town,16.55,75
1755255600,Kigali,24.76,44
1755255600,Kampala,26.87,47
1755259200,Cape Town,15.15,78
1755259200,Kigali,25.87,39
1755259200,Kampala,25.34,54
1755262800,Cape Town,15.74,74
1755262800,Kigali,25.87,36
1755262800,Kampala,23.8,61
1755266400,Cape Town,16.4,69
1755266400,Kigali,25.87,39
1755266400,Kampala,23.09,65
1755270000,Cape Town,16.35,71
1755270000,Kigali,24.76,41
1755270000,Kampala,22.27,72
1755273600,Cape Town,15.23,77
1755273600,Kigali,24.76,41
1755273600,Kampala,20.08,82
1755277200,Cape Town,14.6,80
1755277200,Kigali,24.62,47
1755277200,Kampala,18.7,88
1755280800,Cape Town,14.44,81
1755280800,Kigali,23.62,50
1755280800,Kampala,18.05,91
1755284400,Cape Town,14.29,84
1755284400,Kigali,21.98,60
1755284400,Kampala,17.62,94
1755288000,Cape Town,13.21,85
1755288000,Kigali,21.98,60
1755288000,Kampala,17.05,95
1755291600,Cape Town,13.05,87
1755291600,Kigali,20.87,64
1755291600,Kampala,17.0,94
1755295200,Cape Town,12.91,88
1755295200,Kigali,20.87,64
1755295200,Kampala,17.14,91
1755302400,Cape Town,13.07,90
1755302400,Kigali,16.98,93
1755302400,Kampala,16.95,94
1755309600,Cape Town,12.8,90
1755309600,Kigali,15.87,93
1755309600,Kampala,17.0,92
1755313200,Cape Town,12.59,91
1755313200,Kigali,15.87,93
1755313200,Kampala,16.97,92
1755316800,Cape Town,12.86,90
1755316800,Kigali,16.98,82
1755316800,Kampala,17.11,92
1755320400,Cape Town,12.86,91
1755320400,Kigali,16.98,82
1755320400,Kampala,17.65,92
1755324000,Cape Town,13.33,90
1755324000,Kigali,18.09,82
1755324000,Kampala,18.91,87
1755327600,Cape Town,14.42,86
1755327600,Kigali,19.2,72
1755327600,Kampala,20.8,79
1755331200,Cape Town,15.03,83
1755331200,Kigali,19.76,68
1755331200,Kampala,22.28,74
1755334800,Cape Town,14.71,86
1755334800,Kigali,20.87,60
1755334800,Kampala,23.58,68
1755338400,Cape Town,14.55,89
1755338400,Kigali,21.62,60
1755338400,Kampala,24.66,62
1755342000,Cape Town,15.24,85
1755342000,Kigali,21.62,60
1755342000,Kampala,25.92,56
1755345600,Cape Town,14.7,80
1755345600,Kigali,21.62,60
1755345600,Kampala,26.94,49
1755349200,Cape Town,15.64,79
1755349200,Kigali,22.62,53
1755349200,Kampala,26.19,51
1755352800,Cape Town,15.61,78
1755352800,Kigali,21.98,53
1755352800,Kampala,25.01,53
1755356400,Cape Town,15.61,77
1755356400,Kigali,21.98,56
1755356400,Kampala,22.97,63
1755360000,Cape Town,15.19,79
1755360000,Kigali,20.87,56
1755360000,Kampala,20.51,74
1755363600,Cape Town,15.13,80
1755363600,Kigali,19.76,60
1755363600,Kampala,19.35,78
1755367200,Cape Town,14.9,80
1755367200,Kigali,19.76,60
1755367200,Kampala,18.99,81
1755370800,Cape Town,14.88,80
1755370800,Kigali,19.76,60
1755370800,Kampala,18.07,89
1755374400,Cape Town,14.32,87
1755374400,Kigali,19.2,72
1755374400,Kampala,17.71,93
1755378000,Cape Town,14.32,89
1755378000,Kigali,19.2,72
1755378000,Kampala,17.36,93
1755381600,Cape Town,14.15,88
1755381600,Kigali,19.2,72
1755381600,Kampala,17.01,93
1755388800,Cape Town,13.86,87
1755388800,Kigali,19.2,68
1755388800,Kampala,17.03,89
1755396000,Cape Town,13.59,90
1755396000,Kigali,18.09,77
1755396000,Kampala,17.47,87
1755399600,Cape Town,13.42,90
1755399600,Kigali,16.98,82
1755399600,Kampala,17.41,87
1755403200,Cape Town,13.15,90
1755403200,Kigali,16.98,82
1755403200,Kampala,17.4,88
1755406800,Cape Town,12.7,91
1755406800,Kigali,16.98,82
1755406800,Kampala,18.15,85
1755410400,Cape Town,13.0,91
1755410400,Kigali,18.09,77
1755410400,Kampala,20.86,72
1755414000,Cape Town,13.92,88
1755414000,Kigali,20.62,68
1755414000,Kampala,22.99,64
1755417600,Cape Town,14.47,86
1755417600,Kigali,21.62,60
1755417600,Kampala,23.48,65
1755421200,Cape Town,16.25,79
1755421200,Kigali,23.09,57
1755421200,Kampala,23.78,65
1755424800,Cape Town,17.16,75
1755424800,Kigali,24.2,50
1755424800,Kampala,23.57,67
1755428400,Cape Town,17.25,73
1755428400,Kigali,24.62,47
1755428400,Kampala,23.2,69
1755432000,Cape Town,17.53,74
1755432000,Kigali,24.76,44
1755432000,Kampala,21.85,79
1755435600,Cape Town,17.57,73
1755435600,Kigali,24.76,44
1755435600,Kampala,21.57,81
1755439200,Cape Town,17.63,69
1755439200,Kigali,24.62,50
1755439200,Kampala,21.45,79
1755442800,Cape Town,17.93,72
1755442800,Kigali,24.2,47
1755442800,Kampala,20.64,85
1755446400,Cape Town,16.27,75
1755446400,Kigali,21.98,56
1755446400,Kampala,18.68,91
1755450000,Cape Town,14.67,79
1755450000,Kigali,21.98,56
1755450000,Kampala,18.44,89
1755453600,Cape Town,14.25,82
1755453600,Kigali,19.2,72
1755453600,Kampala,18.08,91
1755457200,Cape Town,13.22,82
1755457200,Kigali,16.62,100
1755457200,Kampala,17.92,92
1755460800,Cape Town,13.23,83
1755460800,Kigali,16.62,100
1755460800,Kampala,17.88,92
1755464400,Cape Town,14.01,80
1755464400,Kigali,16.62,100
1755464400,Kampala,17.85,93
1755468000,Cape Town,12.4,84
1755468000,Kigali,16.62,100
1755468000,Kampala,17.76,93
1755475200,Cape Town,13.14,86
1755475200,Kigali,15.87,100
1755475200,Kampala,17.79,94
1755482400,Cape Town,12.37,86
1755482400,Kigali,15.87,100
1755482400,Kampala,17.63,95
1755486000,Cape Town,11.87,87
1755486000,Kigali,15.87,100
1755486000,Kampala,17.45,96
1755489600,Cape Town,11.73,82
1755489600,Kigali,15.87,100
1755489600,Kampala,17.39,96
1755493200,Cape Town,12.06,84
1755493200,Kigali,16.62,94
1755493200,Kampala,17.82,95
1755496800,Cape Town,12.33,85
1755496800,Kigali,16.62,100
1755496800,Kampala,19.11,88
1755500400,Cape Town,12.54,87
1755500400,Kigali,15.62,100
1755500400,Kampala,20.52,81
1755504000,Cape Town,14.03,87
1755504000,Kigali,16.62,100
1755504000,Kampala,22.72,70
1755507600,Cape Town,16.22,85
1755507600,Kigali,16.62,100
1755507600,Kampala,23.52,67
1755511200,Cape Town,17.02,77
1755511200,Kigali,16.62,100
1755511200,Kampala,23.33,70
1755514800,Cape Town,16.72,77
1755514800,Kigali,17.62,88
1755514800,Kampala,23.24,72
1755518400,Cape Town,16.49,77
1755518400,Kigali,17.62,88
1755518400,Kampala,23.22,72
1755522000,Cape Town,16.33,75
1755522000,Kigali,17.62,88
1755522000,Kampala,22.91,73
1755525600,Cape Town,16.12,75
1755525600,Kigali,17.62,88
1755525600,Kampala,22.19,77
1755529200,Cape Town,15.29,78
1755529200,Kigali,17.62,88
1755529200,Kampala,20.72,86
1755532800,Cape Town,15.47,80
1755532800,Kigali,17.62,88
1755532800,Kampala,18.86,89
1755536400,Cape Town,14.7,83
1755536400,Kigali,16.98,88
1755536400,Kampala,18.02,93
1755540000,Cape Town,13.97,88
1755540000,Kigali,15.87,100
1755540000,Kampala,17.86,94
1755543600,Cape Town,13.62,92
1755543600,Kigali,15.87,100
1755543600,Kampala,17.7,94
1755547200,Cape Town,13.59,93
1755547200,Kigali,15.87,100
1755547200,Kampala,17.61,94
1755550800,Cape Town,13.59,93
1755550800,Kigali,15.87,100
1755550800,Kampala,17.62,92
1755554400,Cape Town,13.56,93
1755554400,Kigali,15.87,100
1755554400,Kampala,17.52,91
1755561600,Cape Town,13.7,94
1755561600,Kigali,15.87,100
1755561600,Kampala,17.55,93
1755568800,Cape Town,13.01,94
1755568800,Kigali,15.87,93
1755568800,Kampala,17.58,92
1755572400,Cape Town,13.01,94
1755572400,Kigali,15.87,100
1755572400,Kampala,17.57,92
1755576000,Cape Town,12.84,95
1755576000,Kigali,15.87,100
1755576000,Kampala,17.61,91
1755579600,Cape Town,12.76,95
1755579600,Kigali,15.87,100
1755579600,Kampala,18.49,87
1755583200,Cape Town,13.29,95
1755583200,Kigali,16.62,100
1755583200,Kampala,19.81,81
1755586800,Cape Town,13.58,94
1755586800,Kigali,17.62,94
1755586800,Kampala,20.86,76
1755590400,Cape Town,14.23,93
1755590400,Kigali,19.62,83
1755590400,Kampala,21.93,70
1755594000,Cape Town,14.94,89
1755594000,Kigali,20.62,73
1755594000,Kampala,23.32,61
1755597600,Cape Town,16.01,85
1755597600,Kigali,22.62,60
1755597600,Kampala,24.3,55
1755601200,Cape Town,17.97,74
1755601200,Kigali,23.62,57
1755601200,Kampala,24.98,50
1755604800,Cape Town,17.85,74
1755604800,Kigali,21.62,64
1755604800,Kampala,25.3,47
1755608400,Cape Town,17.13,77
1755608400,Kigali,22.62,56
1755608400,Kampala,24.83,49
1755612000,Cape Town,17.25,75
1755612000,Kigali,21.98,60
1755612000,Kampala,24.03,53
1755615600,Cape Town,17.33,75
1755615600,Kigali,21.98,60
1755615600,Kampala,22.54,60
1755619200,Cape Town,15.53,79
1755619200,Kigali,20.87,64
1755619200,Kampala,19.99,72
1755622800,Cape Town,14.3,83
1755622800,Kigali,19.76,68
1755622800,Kampala,19.12,76
1755626400,Cape Town,13.6,85
1755626400,Kigali,19.76,68
1755626400,Kampala,18.84,77
1755630000,Cape Town,12.63,86
1755630000,Kigali,19.76,68
1755630000,Kampala,18.69,77
1755633600,Cape Town,12.55,88
1755633600,Kigali,16.98,77
1755633600,Kampala,18.71,77
1755637200,Cape Town,12.23,90
1755637200,Kigali,16.62,82
1755637200,Kampala,18.94,76
1755640800,Cape Town,12.23,92
1755640800,Kigali,15.87,82
1755640800,Kampala,18.55,78
1755648000,Cape Town,11.25,92
1755648000,Kigali,15.87,88
1755648000,Kampala,19.03,78
1755655200,Cape Town,12.41,92
1755655200,Kigali,15.87,88
1755655200,Kampala,19.08,77
1755658800,Cape Town,12.33,93
1755658800,Kigali,15.87,88
1755658800,Kampala,18.92,79
1755662400,Cape Town,12.11,93
1755662400,Kigali,15.87,88
1755662400,Kampala,18.19,84
1755666000,Cape Town,12.04,92
1755666000,Kigali,15.87,93
1755666000,Kampala,19.01,81
1755669600,Cape Town,12.46,89
1755669600,Kigali,18.09,82
1755669600,Kampala,20.65,74
1755673200,Cape Town,13.9,88
1755673200,Kigali,19.76,68
1755673200,Kampala,21.83,69
1755676800,Cape Town,15.51,81
1755676800,Kigali,21.62,68
1755676800,Kampala,23.26,63
1755680400,Cape Town,16.17,78
1755680400,Kigali,22.62,60
1755680400,Kampala,24.65,56
1755684000,Cape Town,16.67,74
1755684000,Kigali,24.62,50
1755684000,Kampala,25.08,54
1755687600,Cape Town,16.0,77
1755687600,Kigali,23.62,53
1755687600,Kampala,25.55,51
1755691200,Cape Town,16.57,76
1755691200,Kigali,24.2,47
1755691200,Kampala,25.18,53
1755694800,Cape Town,16.15,79
1755694800,Kigali,24.76,41
1755694800,Kampala,24.01,58
1755698400,Cape Town,15.7,80
1755698400,Kigali,24.76,39
1755698400,Kampala,23.45,59
1755702000,Cape Town,15.44,82
1755702000,Kigali,24.2,41
1755702000,Kampala,22.57,62
1755705600,Cape Town,15.21,82
1755705600,Kigali,24.2,41
1755705600,Kampala,20.32,71
1755709200,Cape Town,14.78,81
1755709200,Kigali,23.09,44
1755709200,Kampala,19.69,72
1755712800,Cape Town,14.03,83
1755712800,Kigali,21.98,53
1755712800,Kampala,19.27,73
1755716400,Cape Town,13.99,84
1755716400,Kigali,19.76,56
1755716400,Kampala,19.14,73
1755720000,Cape Town,14.05,89
1755720000,Kigali,19.2,64
1755720000,Kampala,18.8,74
1755723600,Cape Town,14.2,80
1755723600,Kigali,18.09,77
1755723600,Kampala,18.86,73
1755727200,Cape Town,14.22,80
1755727200,Kigali,18.09,72
1755727200,Kampala,18.89,73
1755734400,Cape Town,13.84,80
1755734400,Kigali,15.87,88
1755734400,Kampala,19.22,72
1755741600,Cape Town,14.26,79
1755741600,Kigali,15.87,88
1755741600,Kampala,18.61,76
1755745200,Cape Town,13.88,80
1755745200,Kigali,15.87,88
1755745200,Kampala,18.26,79
1755748800,Cape Town,13.84,80
1755748800,Kigali,15.87,82
1755748800,Kampala,17.58,83
1755752400,Cape Town,13.84,80
1755752400,Kigali,14.76,93
1755752400,Kampala,19.29,76
1755756000,Cape Town,14.28,79
1755756000,Kigali,17.62,77
1755756000,Kampala,21.73,64
1755759600,Cape Town,14.76,79
1755759600,Kigali,19.76,64
1755759600,Kampala,24.34,52
1755763200,Cape Town,15.17,77
1755763200,Kigali,20.87,56
1755763200,Kampala,26.01,43
1755766800,Cape Town,15.89,79
1755766800,Kigali,23.09,50
1755766800,Kampala,26.68,40
1755770400,Cape Town,16.28,72
1755770400,Kigali,24.2,36
1755770400,Kampala,26.57,40
1755774000,Cape Town,16.75,70
1755774000,Kigali,24.2,36
1755774000,Kampala,26.16,39
1755777600,Cape Town,17.57,68
1755777600,Kigali,24.2,33
1755777600,Kampala,26.04,40
1755781200,Cape Town,17.05,69
1755781200,Kigali,24.76,34
1755781200,Kampala,25.33,42
1755784800,Cape Town,17.02,67
1755784800,Kigali,25.87,30
1755784800,Kampala,24.54,45
1755792000,Cape Town,14.98,76
1755792000,Kigali,23.62,38
1755792000,Kampala,21.42,61
1755795600,Cape Town,14.44,76
1755795600,Kigali,22.62,43
1755795600,Kampala,20.69,64
1755799200,Cape Town,14.33,84
1755799200,Kigali,21.62,49
1755799200,Kampala,20.62,64
1755802800,Cape Town,14.0,85
1755802800,Kigali,20.87,46
1755802800,Kampala,19.45,68
1755806400,Cape Town,14.33,85
1755806400,Kigali,19.76,52
1755806400,Kampala,18.93,69
1755810000,Cape Town,14.66,87
1755810000,Kigali,19.76,56
1755810000,Kampala,19.23,67
1755813600,Cape Town,15.02,85
1755813600,Kigali,19.2,60
1755813600,Kampala,19.61,65
1755820800,Cape Town,14.73,87
1755820800,Kigali,15.87,77
1755820800,Kampala,18.79,68
1755828000,Cape Town,13.21,88
1755828000,Kigali,15.87,72
1755828000,Kampala,18.28,71
1755831600,Cape Town,13.4,84
1755831600,Kigali,14.76,77
1755831600,Kampala,17.03,75
1755835200,Cape Town,13.53,74
1755835200,Kigali,14.76,77
1755835200,Kampala,16.55,77
1755838800,Cape Town,13.54,67
1755838800,Kigali,14.2,82
1755838800,Kampala,19.38,67
1755842400,Cape Town,13.93,68
1755842400,Kigali,17.62,77
1755842400,Kampala,21.27,57
1755846000,Cape Town,14.23,68
1755846000,Kigali,19.62,64
1755846000,Kampala,23.06,50
1755849600,Cape Town,15.13,64
1755849600,Kigali,20.87,46
1755849600,Kampala,27.32,35
1755853200,Cape Town,16.0,59
1755853200,Kigali,22.62,49
1755853200,Kampala,28.01,32
1755856800,Cape Town,16.81,56
1755856800,Kigali,24.2,31
1755856800,Kampala,28.04,31
1755860400,Cape Town,17.19,56
1755860400,Kigali,24.62,29
1755860400,Kampala,26.29,39
1755864000,Cape Town,17.1,60
1755864000,Kigali,24.76,31
1755864000,Kampala,24.56,48
1755867600,Cape Town,15.73,63
1755867600,Kigali,25.62,29
1755867600,Kampala,23.67,52
1755871200,Cape Town,15.17,70
1755871200,Kigali,25.62,29
1755871200,Kampala,23.23,53
1755874800,Cape Town,15.24,70
1755874800,Kigali,24.76,27
1755874800,Kampala,22.68,55
1755878400,Cape Town,14.32,74
1755878400,Kigali,24.76,29
1755878400,Kampala,21.0,61
1755882000,Cape Town,14.32,76
1755882000,Kigali,23.09,41
1755882000,Kampala,20.28,62
1755885600,Cape Town,14.15,80
1755885600,Kigali,21.98,43
1755885600,Kampala,19.85,64
1755889200,Cape Town,14.29,70
1755889200,Kigali,21.98,43
1755889200,Kampala,19.06,67
1755892800,Cape Town,13.55,73
1755892800,Kigali,19.76,52
1755892800,Kampala,19.53,65
1755896400,Cape Town,14.37,71
1755896400,Kigali,19.76,52
1755896400,Kampala,19.93,62
1755900000,Cape Town,13.03,74
1755900000,Kigali,18.09,63
1755900000,Kampala,20.0,61
1755907200,Cape Town,13.55,79
1755907200,Kigali,17.62,68
1755907200,Kampala,19.3,63
1755910800,Cape Town,13.55,81
1755910800,Kigali,15.87,72
1755910800,Kampala,19.15,63
1755914400,Cape Town,12.63,82
1755914400,Kigali,15.87,67
1755914400,Kampala,19.09,63
1755918000,Cape Town,12.49,81
1755918000,Kigali,14.76,72
1755918000,Kampala,19.11,62
1755921600,Cape Town,13.51,77
1755921600,Kigali,14.76,72
1755921600,Kampala,19.1,62
1755925200,Cape Town,13.16,76
1755925200,Kigali,15.62,77
1755925200,Kampala,20.62,61
1755928800,Cape Town,13.61,74
1755928800,Kigali,18.62,68
1755928800,Kampala,23.93,52
1755932400,Cape Town,14.24,71
1755932400,Kigali,19.62,60
1755932400,Kampala,25.78,44
1755936000,Cape Town,14.78,71
1755936000,Kigali,21.62,40
1755936000,Kampala,26.56,40
1755939600,Cape Town,13.27,78
1755939600,Kigali,22.62,38
1755939600,Kampala,26.98,38
1755943200,Cape Town,13.66,82
1755943200,Kigali,22.62,38
1755943200,Kampala,26.62,40
1755946800,Cape Town,14.27,77
1755946800,Kigali,23.62,38
1755946800,Kampala,26.45,43
1755950400,Cape Town,14.49,79
1755950400,Kigali,23.62,35
1755950400,Kampala,25.98,45
1755954000,Cape Town,15.04,76
1755954000,Kigali,24.62,36
1755954000,Kampala,24.96,48
1755957600,Cape Town,12.39,84
1755957600,Kigali,24.2,36
1755957600,Kampala,23.79,52
1755961200,Cape Town,13.89,80
1755961200,Kigali,24.2,33
1755961200,Kampala,22.46,59
1755964800,Cape Town,14.1,74
1755964800,Kigali,23.09,38
1755964800,Kampala,21.28,64
1755968400,Cape Town,13.77,74
1755968400,Kigali,23.09,38
1755968400,Kampala,20.83,69
1755972000,Cape Town,14.22,74
1755972000,Kigali,19.76,49
1755972000,Kampala,20.78,68
1755975600,Cape Town,13.84,74
1755975600,Kigali,20.87,43
1755975600,Kampala,20.65,66
1755979200,Cape Town,13.15,76
1755979200,Kigali,19.76,52
1755979200,Kampala,20.42,65
1755982800,Cape Town,13.44,76
1755982800,Kigali,19.2,60
1755982800,Kampala,20.86,61
1755986400,Cape Town,13.34,75
1755986400,Kigali,19.76,56
1755986400,Kampala,20.96,59
1755993600,Cape Town,12.76,76
1755993600,Kigali,19.62,60
1755993600,Kampala,19.65,71
1756000800,Cape Town,11.69,83
1756000800,Kigali,18.09,63
1756000800,Kampala,17.86,85
1756004400,Cape Town,11.64,82
1756004400,Kigali,16.98,72
1756004400,Kampala,17.6,88
1756008000,Cape Town,11.07,81
1756008000,Kigali,15.87,77
1756008000,Kampala,17.61,89
1756011600,Cape Town,10.28,84
1756011600,Kigali,16.98,72
1756011600,Kampala,19.03,82
1756015200,Cape Town,11.13,85
1756015200,Kigali,19.2,56
1756015200,Kampala,19.53,82
1756018800,Cape Town,12.62,81
1756018800,Kigali,19.76,49
1756018800,Kampala,20.85,77
1756022400,Cape Town,13.86,74
1756022400,Kigali,21.98,38
1756022400,Kampala,22.74,66
1756026000,Cape Town,14.28,72
1756026000,Kigali,23.09,36
1756026000,Kampala,23.96,59
1756029600,Cape Town,14.95,66
1756029600,Kigali,24.2,36
1756029600,Kampala,24.88,53
1756033200,Cape Town,15.83,64
1756033200,Kigali,24.2,36
1756033200,Kampala,26.49,45
1756036800,Cape Town,15.99,63
1756036800,Kigali,24.2,36
1756036800,Kampala,25.53,47
1756040400,Cape Town,16.36,58
1756040400,Kigali,24.2,33
1756040400,Kampala,24.58,50
1756044000,Cape Town,16.99,57
1756044000,Kigali,23.09,41
1756044000,Kampala,23.82,53
1756047600,Cape Town,16.27,62
1756047600,Kigali,23.09,41
1756047600,Kampala,23.0,56
1756051200,Cape Town,14.38,67
1756051200,Kigali,23.09,41
1756051200,Kampala,20.76,66
1756054800,Cape Town,13.05,71
1756054800,Kigali,20.87,49
1756054800,Kampala,19.54,72
1756058400,Cape Town,11.93,75
1756058400,Kigali,20.87,49
1756058400,Kampala,19.49,73
1756062000,Cape Town,11.84,76
1756062000,Kigali,19.76,56
1756062000,Kampala,19.97,71
1756065600,Cape Town,11.33,77
1756065600,Kigali,19.76,56
1756065600,Kampala,20.31,69
1756069200,Cape Town,10.92,77
1756069200,Kigali,19.76,56
1756069200,Kampala,19.56,73
1756072800,Cape Town,11.14,75
1756072800,Kigali,19.2,60
1756072800,Kampala,19.09,74
1756080000,Cape Town,11.44,75
1756080000,Kigali,19.2,60
1756080000,Kampala,19.45,74
1756087200,Cape Town,11.61,71
1756087200,Kigali,16.98,67
1756087200,Kampala,18.46,80
1756090800,Cape Town,11.54,72
1756090800,Kigali,15.87,82
1756090800,Kampala,17.86,83
1756094400,Cape Town,11.56,73
1756094400,Kigali,16.98,77
1756094400,Kampala,17.21,88
1756098000,Cape Town,10.15,79
1756098000,Kigali,16.98,77
1756098000,Kampala,18.74,79
1756101600,Cape Town,10.9,78
1756101600,Kigali,18.09,68
1756101600,Kampala,21.2,67
1756105200,Cape Town,13.44,71
1756105200,Kigali,20.87,56
1756105200,Kampala,23.45,57
1756108800,Cape Town,14.86,66
1756108800,Kigali,24.62,47
1756108800,Kampala,25.55,49
1756112400,Cape Town,15.9,66
1756112400,Kigali,23.09,47
1756112400,Kampala,25.8,50
1756116000,Cape Town,16.9,59
1756116000,Kigali,24.2,44
1756116000,Kampala,26.33,48
1756119600,Cape Town,17.42,54
1756119600,Kigali,24.76,36
1756119600,Kampala,26.44,47
1756123200,Cape Town,18.05,55
1756123200,Kigali,24.76,39
1756123200,Kampala,26.4,47
1756126800,Cape Town,17.62,56
1756126800,Kigali,24.62,44
1756126800,Kampala,27.12,44
1756130400,Cape Town,17.42,56
1756130400,Kigali,20.87,60
1756130400,Kampala,25.98,48
1756134000,Cape Town,16.66,56
1756134000,Kigali,21.98,56
1756134000,Kampala,23.92,56
1756137600,Cape Town,15.15,60
1756137600,Kigali,20.87,60
1756137600,Kampala,20.59,72
1756141200,Cape Town,13.8,66
1756141200,Kigali,19.76,64
1756141200,Kampala,19.58,77
1756144800,Cape Town,14.13,69
1756144800,Kigali,19.76,64
1756144800,Kampala,18.93,80
1756148400,Cape Town,14.06,69
1756148400,Kigali,19.76,64
1756148400,Kampala,18.36,82
1756152000,Cape Town,14.06,69
1756152000,Kigali,19.2,68
1756152000,Kampala,18.16,83
1756155600,Cape Town,13.34,73
1756155600,Kigali,19.2,68
1756155600,Kampala,18.15,83
1756159200,Cape Town,13.44,76
1756159200,Kigali,18.09,77
1756159200,Kampala,17.91,83
1756166400,Cape Town,13.1,71
1756166400,Kigali,16.98,77
1756166400,Kampala,18.62,80
1756173600,Cape Town,12.52,70
1756173600,Kigali,16.98,77
1756173600,Kampala,18.4,80
1756177200,Cape Town,12.56,72
1756177200,Kigali,16.98,77
1756177200,Kampala,18.39,80
1756180800,Cape Town,12.62,72
1756180800,Kigali,15.87,88
1756180800,Kampala,18.06,83
1756184400,Cape Town,12.32,74
1756184400,Kigali,15.87,88
1756184400,Kampala,18.38,81
1756188000,Cape Town,12.79,73
1756188000,Kigali,19.2,68
1756188000,Kampala,19.71,75
1756191600,Cape Town,13.96,69
1756191600,Kigali,20.62,68
1756191600,Kampala,21.38,67
1756195200,Cape Town,15.26,67
1756195200,Kigali,20.62,68
1756195200,Kampala,24.4,55
1756198800,Cape Town,16.74,62
1756198800,Kigali,23.62,57
1756198800,Kampala,26.9,46
1756202400,Cape Town,17.51,55
1756202400,Kigali,24.76,47
1756202400,Kampala,28.19,40
1756206000,Cape Town,18.74,50
1756206000,Kigali,25.87,44
1756206000,Kampala,27.89,39
1756209600,Cape Town,19.03,48
1756209600,Kigali,24.76,47
1756209600,Kampala,27.0,43
1756213200,Cape Town,18.16,57
1756213200,Kigali,24.76,44
1756213200,Kampala,26.18,45
1756216800,Cape Town,16.29,68
1756216800,Kigali,21.62,64
1756216800,Kampala,25.82,45
1756220400,Cape Town,15.56,69
1756220400,Kigali,22.62,53
1756220400,Kampala,24.92,47
1756224000,Cape Town,15.02,72
1756224000,Kigali,20.87,56
1756224000,Kampala,21.1,62
1756227600,Cape Town,14.73,73
1756227600,Kigali,17.62,88
1756227600,Kampala,19.46,71
1756231200,Cape Town,14.91,71
1756231200,Kigali,18.09,77
1756231200,Kampala,18.63,75
1756234800,Cape Town,14.36,73
1756234800,Kigali,18.09,77
1756234800,Kampala,17.57,82
1756238400,Cape Town,14.42,70
1756238400,Kigali,16.98,77
1756238400,Kampala,17.17,87
1756242000,Cape Town,14.38,70
1756242000,Kigali,15.87,88
1756242000,Kampala,16.88,90
1756245600,Cape Town,13.62,74
1756245600,Kigali,16.98,77
1756245600,Kampala,16.56,93
1756252800,Cape Town,13.34,82
1756252800,Kigali,15.87,88
1756252800,Kampala,16.31,93
1756256400,Cape Town,13.15,82
1756256400,Kigali,14.76,87
1756256400,Kampala,16.14,94
1756260000,Cape Town,12.88,83
1756260000,Kigali,14.2,100
1756260000,Kampala,16.17,94
1756263600,Cape Town,12.91,77
1756263600,Kigali,14.2,93
1756263600,Kampala,16.81,90
1756267200,Cape Town,13.02,76
1756267200,Kigali,14.2,93
1756267200,Kampala,16.97,88
1756270800,Cape Town,13.17,81
1756270800,Kigali,14.76,93
1756270800,Kampala,19.13,77
1756274400,Cape Town,13.8,74
1756274400,Kigali,17.62,82
1756274400,Kampala,23.07,58
1756278000,Cape Town,15.28,74
1756278000,Kigali,19.62,73
1756278000,Kampala,26.27,46
1756281600,Cape Town,16.59,70
1756281600,Kigali,20.62,73
1756281600,Kampala,27.84,39
1756285200,Cape Town,17.35,67
1756285200,Kigali,22.62,56
1756285200,Kampala,28.77,36
1756288800,Cape Town,18.47,59
1756288800,Kigali,23.62,50
1756288800,Kampala,28.97,34
1756292400,Cape Town,18.04,56
1756292400,Kigali,25.62,44
1756292400,Kampala,26.51,41
1756296000,Cape Town,18.25,55
1756296000,Kigali,26.62,36
1756296000,Kampala,23.98,52
1756299600,Cape Town,17.66,56
1756299600,Kigali,25.87,34
1756299600,Kampala,24.11,53
1756303200,Cape Town,17.9,56
1756303200,Kigali,24.76,36
1756303200,Kampala,24.61,51
1756306800,Cape Town,17.23,57
1756306800,Kigali,24.76,39
1756306800,Kampala,23.8,53
1756310400,Cape Town,16.12,60
1756310400,Kigali,24.2,41
1756310400,Kampala,21.39,63
1756314000,Cape Town,14.84,64
1756314000,Kigali,23.09,44
1756314000,Kampala,20.03,72
1756317600,Cape Town,14.53,68
1756317600,Kigali,23.09,41
1756317600,Kampala,19.4,75
1756321200,Cape Town,14.1,69
1756321200,Kigali,21.98,46
1756321200,Kampala,18.89,79
1756324800,Cape Town,14.28,71
1756324800,Kigali,20.87,49
1756324800,Kampala,18.33,82
1756328400,Cape Town,13.82,75
1756328400,Kigali,19.76,52
1756328400,Kampala,17.77,85
1756332000,Cape Town,13.76,76
1756332000,Kigali,19.2,60
1756332000,Kampala,17.69,85
1756339200,Cape Town,13.81,76
1756339200,Kigali,18.09,63
1756339200,Kampala,17.18,85
1756342800,Cape Town,13.43,77
1756342800,Kigali,16.98,67
1756342800,Kampala,16.81,86
1756346400,Cape Town,13.47,77
1756346400,Kigali,15.87,77
1756346400,Kampala,16.51,87
1756350000,Cape Town,13.41,77
1756350000,Kigali,15.62,82
1756350000,Kampala,16.64,87
1756353600,Cape Town,12.17,80
1756353600,Kigali,15.87,72
1756353600,Kampala,16.24,89
1756357200,Cape Town,12.37,80
1756357200,Kigali,15.62,77
1756357200,Kampala,19.05,73
1756360800,Cape Town,12.8,83
1756360800,Kigali,19.62,64
1756360800,Kampala,22.26,60
1756364400,Cape Town,15.1,80
1756364400,Kigali,21.62,60
1756364400,Kampala,25.19,49
1756368000,Cape Town,16.24,80
1756368000,Kigali,22.62,56
1756368000,Kampala,27.85,40
1756371600,Cape Town,17.07,78
1756371600,Kigali,24.62,41
1756371600,Kampala,30.1,33
1756375200,Cape Town,18.64,69
1756375200,Kigali,25.62,31
1756375200,Kampala,30.8,32
1756378800,Cape Town,18.85,67
1756378800,Kigali,26.62,32
1756378800,Kampala,29.33,35
1756382400,Cape Town,19.8,65
1756382400,Kigali,26.62,34
1756382400,Kampala,27.01,40
1756386000,Cape Town,18.97,67
1756386000,Kigali,25.87,32
1756386000,Kampala,25.95,44
1756389600,Cape Town,18.3,69
1756389600,Kigali,25.87,32
1756389600,Kampala,24.95,48
1756393200,Cape Town,17.74,70
1756393200,Kigali,25.87,32
1756393200,Kampala,23.67,53
1756396800,Cape Town,16.82,73
1756396800,Kigali,24.76,34
1756396800,Kampala,22.2,61
1756400400,Cape Town,15.47,78
1756400400,Kigali,24.2,36
1756400400,Kampala,21.41,65
1756404000,Cape Town,14.66,79
1756404000,Kigali,23.09,41
1756404000,Kampala,21.2,68
1756407600,Cape Town,14.3,80
1756407600,Kigali,23.09,38
1756407600,Kampala,21.08,70
1756411200,Cape Town,13.63,81
1756411200,Kigali,20.87,49
1756411200,Kampala,21.05,71
1756414800,Cape Town,14.14,82
1756414800,Kigali,19.76,52
1756414800,Kampala,21.07,70
1756418400,Cape Town,14.63,83
1756418400,Kigali,19.2,60
1756418400,Kampala,20.99,69
1756425600,Cape Town,13.84,80
1756425600,Kigali,18.09,59
1756425600,Kampala,19.33,78
1756429200,Cape Town,13.19,81
1756429200,Kigali,15.87,72
1756429200,Kampala,18.24,83
1756432800,Cape Town,12.63,82
1756432800,Kigali,15.87,72
1756432800,Kampala,17.67,85
1756436400,Cape Town,12.15,84
1756436400,Kigali,15.87,72
1756436400,Kampala,17.36,86
1756440000,Cape Town,11.86,83
1756440000,Kigali,15.87,67
1756440000,Kampala,17.2,86
1756443600,Cape Town,12.38,83
1756443600,Kigali,15.87,67
1756443600,Kampala,20.44,70
1756447200,Cape Town,12.95,81
1756447200,Kigali,19.62,60
1756447200,Kampala,23.92,56
1756450800,Cape Town,15.03,79
1756450800,Kigali,19.62,68
1756450800,Kampala,26.55,43
1756454400,Cape Town,16.46,74
1756454400,Kigali,24.62,38
1756454400,Kampala,28.02,37
1756458000,Cape Town,17.95,70
1756458000,Kigali,25.62,31
1756458000,Kampala,28.65,34
1756461600,Cape Town,19.03,62
1756461600,Kigali,26.62,34
1756461600,Kampala,28.94,33
1756465200,Cape Town,19.04,59
1756465200,Kigali,26.98,30
1756465200,Kampala,29.18,33
1756468800,Cape Town,18.96,63
1756468800,Kigali,26.98,30
1756468800,Kampala,28.77,34
1756472400,Cape Town,18.86,62
1756472400,Kigali,28.09,23
1756472400,Kampala,28.13,35
1756476000,Cape Town,17.39,66
1756476000,Kigali,28.09,25
1756476000,Kampala,27.29,37
1756479600,Cape Town,16.22,72
1756479600,Kigali,28.09,23
1756479600,Kampala,25.54,44
1756483200,Cape Town,15.83,80
1756483200,Kigali,25.87,28
1756483200,Kampala,21.7,61
1756486800,Cape Town,15.62,82
1756486800,Kigali,25.62,31
1756486800,Kampala,20.05,71
1756490400,Cape Town,15.52,83
1756490400,Kigali,23.62,33
1756490400,Kampala,19.4,75
1756494000,Cape Town,15.75,76
1756494000,Kigali,23.62,33
1756494000,Kampala,19.04,75
1756497600,Cape Town,14.63,79
1756497600,Kigali,21.98,33
1756497600,Kampala,18.81,72
1756501200,Cape Town,14.62,81
1756501200,Kigali,21.62,37
1756501200,Kampala,18.61,67
1756504800,Cape Town,14.18,82
1756504800,Kigali,19.2,49
1756504800,Kampala,18.55,62
1756512000,Cape Town,13.71,83
1756512000,Kigali,17.62,59
1756512000,Kampala,17.57,70
1756515600,Cape Town,13.17,83
1756515600,Kigali,18.09,52
1756515600,Kampala,16.63,75
1756519200,Cape Town,13.21,91
1756519200,Kigali,14.76,63
1756519200,Kampala,16.18,76
1756522800,Cape Town,13.36,84
1756522800,Kigali,14.76,67
1756522800,Kampala,16.0,76
1756526400,Cape Town,13.17,82
1756526400,Kigali,14.76,63
1756526400,Kampala,16.08,76
1756530000,Cape Town,12.63,84
1756530000,Kigali,14.76,67
1756530000,Kampala,19.47,64
1756533600,Cape Town,13.02,84
1756533600,Kigali,18.09,55
1756533600,Kampala,23.5,53
1756537200,Cape Town,15.52,85
1756537200,Kigali,19.76,43
1756537200,Kampala,25.78,47
1756540800,Cape Town,16.91,79
1756540800,Kigali,20.87,37
1756540800,Kampala,27.34,39
1756544400,Cape Town,18.51,73
1756544400,Kigali,22.62,38
1756544400,Kampala,28.14,34
1756548000,Cape Town,18.87,72
1756548000,Kigali,24.2,33
1756548000,Kampala,28.06,34
1756551600,Cape Town,19.07,64
1756551600,Kigali,25.62,29
1756551600,Kampala,27.29,40
1756555200,Cape Town,20.08,60
1756555200,Kigali,26.62,28
1756555200,Kampala,26.37,43
1756558800,Cape Town,19.5,62
1756558800,Kigali,26.62,26
1756558800,Kampala,25.19,47
1756562400,Cape Town,18.88,65
1756562400,Kigali,25.87,26
1756562400,Kampala,24.95,47
1756566000,Cape Town,17.63,68
1756566000,Kigali,25.87,26
1756566000,Kampala,23.74,49
1756569600,Cape Town,16.12,73
1756569600,Kigali,24.76,27
1756569600,Kampala,20.88,59
1756573200,Cape Town,14.6,77
1756573200,Kigali,24.62,27
1756573200,Kampala,19.46,65
1756576800,Cape Town,13.92,85
1756576800,Kigali,23.62,33
1756576800,Kampala,18.56,68
1756580400,Cape Town,13.22,86
1756580400,Kigali,22.62,33
1756580400,Kampala,18.19,68
1756584000,Cape Town,13.6,86
1756584000,Kigali,22.62,38
1756584000,Kampala,18.15,65
1756587600,Cape Town,13.32,85
1756587600,Kigali,19.76,46
1756587600,Kampala,18.45,60
1756591200,Cape Town,13.08,85
1756591200,Kigali,20.62,46
1756591200,Kampala,18.06,58
1756598400,Cape Town,11.32,89
1756598400,Kigali,17.62,59
1756598400,Kampala,17.14,61
1756605600,Cape Town,11.19,86
1756605600,Kigali,16.62,63
1756605600,Kampala,17.24,60
1756609200,Cape Town,11.53,87
1756609200,Kigali,15.87,59
1756609200,Kampala,17.38,59
1756612800,Cape Town,11.39,87
1756612800,Kigali,14.76,67
1756612800,Kampala,17.47,58
1756616400,Cape Town,11.34,87
1756616400,Kigali,14.76,67
1756616400,Kampala,18.47,58
1756620000,Cape Town,12.14,86
1756620000,Kigali,18.09,52
1756620000,Kampala,20.29,51
1756623600,Cape Town,14.46,78
1756623600,Kigali,19.2,45
1756623600,Kampala,21.57,46
1756627200,Cape Town,16.57,65
1756627200,Kigali,20.62,40
1756627200,Kampala,23.7,44
1756630800,Cape Town,17.7,62
1756630800,Kigali,21.62,37
1756630800,Kampala,24.99,43
1756634400,Cape Town,18.7,55
1756634400,Kigali,23.62,35
1756634400,Kampala,24.78,46
1756638000,Cape Town,19.36,53
1756638000,Kigali,24.62,31
1756638000,Kampala,24.6,49
1756641600,Cape Town,19.7,54
1756641600,Kigali,25.62,31
1756641600,Kampala,26.04,44
1756645200,Cape Town,19.59,58
1756645200,Kigali,25.62,29
1756645200,Kampala,25.82,45
1756648800,Cape Town,19.35,59
1756648800,Kigali,25.62,27
1756648800,Kampala,24.76,49
1756652400,Cape Town,16.64,69
1756652400,Kigali,24.2,31
1756652400,Kampala,23.29,54
1756656000,Cape Town,14.98,76
1756656000,Kigali,24.2,33
1756656000,Kampala,20.51,66
1756659600,Cape Town,14.34,83
1756659600,Kigali,21.98,35
1756659600,Kampala,19.57,72
1756663200,Cape Town,14.34,83
1756663200,Kigali,21.98,35
1756663200,Kampala,19.32,73
1756666800,Cape Town,14.34,83
1756666800,Kigali,18.91,44
1756666800,Kampala,19.43,72
1756670400,Cape Town,14.32,80
1756670400,Kigali,21.62,43
1756670400,Kampala,19.41,71
1756674000,Cape Town,14.17,74
1756674000,Kigali,20.62,46
1756674000,Kampala,19.26,70
1756677600,Cape Town,13.94,73
1756677600,Kigali,19.2,52
1756677600,Kampala,19.73,65
1756684800,Cape Town,14.15,70
1756684800,Kigali,16.98,59
1756684800,Kampala,20.19,62
1756692000,Cape Town,13.73,73
1756692000,Kigali,18.09,55
1756692000,Kampala,19.48,66
1756695600,Cape Town,13.45,73
1756695600,Kigali,16.98,59
1756695600,Kampala,19.03,68
1756699200,Cape Town,13.35,73
1756699200,Kigali,15.87,63
1756699200,Kampala,18.51,71
1756702800,Cape Town,13.02,71
1756702800,Kigali,16.98,63
1756702800,Kampala,20.72,61
1756706400,Cape Town,14.29,69
1756706400,Kigali,19.62,49
1756706400,Kampala,24.09,52
1756710000,Cape Town,15.96,69
1756710000,Kigali,21.98,43
1756710000,Kampala,26.22,43
1756713600,Cape Town,17.24,64
1756713600,Kigali,22.62,38
1756713600,Kampala,27.56,37
1756717200,Cape Town,18.24,61
1756717200,Kigali,24.62,36
1756717200,Kampala,28.4,34
1756720800,Cape Town,20.14,50
1756720800,Kigali,25.62,29
1756720800,Kampala,28.05,34
1756724400,Cape Town,20.59,48
1756724400,Kigali,26.62,28
1756724400,Kampala,28.21,35
1756728000,Cape Town,21.53,46
1756728000,Kigali,27.62,26
1756728000,Kampala,27.76,36
1756731600,Cape Town,21.94,43
1756731600,Kigali,26.98,26
1756731600,Kampala,27.17,38
1756735200,Cape Town,21.85,54
1756735200,Kigali,26.98,24
1756735200,Kampala,26.34,40
1756738800,Cape Town,20.04,60
1756738800,Kigali,26.98,24
1756738800,Kampala,24.84,45
1756742400,Cape Town,17.93,64
1756742400,Kigali,25.87,28
1756742400,Kampala,21.68,58
1756746000,Cape Town,16.7,65
1756746000,Kigali,25.62,27
1756746000,Kampala,20.45,67
1756749600,Cape Town,16.64,65
1756749600,Kigali,23.09,33
1756749600,Kampala,19.93,70
1756753200,Cape Town,16.12,67
1756753200,Kigali,23.62,35
1756753200,Kampala,19.73,70
1756756800,Cape Town,15.7,68
1756756800,Kigali,23.62,33
1756756800,Kampala,19.97,68
1756760400,Cape Town,14.79,69
1756760400,Kigali,20.87,37
1756760400,Kampala,20.02,65
1756764000,Cape Town,14.41,70
1756764000,Kigali,19.76,49
1756764000,Kampala,20.11,62
1756771200,Cape Town,14.1,65
1756771200,Kigali,16.98,59
1756771200,Kampala,20.36,60
1756778400,Cape Town,13.18,68
1756778400,Kigali,16.98,59
1756778400,Kampala,18.37,69
1756782000,Cape Town,13.16,69
1756782000,Kigali,16.98,55
1756782000,Kampala,17.88,71
1756785600,Cape Town,14.27,60
1756785600,Kigali,15.87,59
1756785600,Kampala,18.17,70
1756789200,Cape Town,13.63,73
1756789200,Kigali,14.76,67
1756789200,Kampala,20.53,58
1756792800,Cape Town,13.22,76
1756792800,Kigali,19.2,56
1756792800,Kampala,24.58,46
1756796400,Cape Town,16.37,50
1756796400,Kigali,20.62,56
1756796400,Kampala,27.2,40
1756800000,Cape Town,15.9,76
1756800000,Kigali,23.62,38
1756800000,Kampala,28.68,34
1756803600,Cape Town,17.86,72
1756803600,Kigali,25.62,31
1756803600,Kampala,29.43,32
1756807200,Cape Town,17.95,70
1756807200,Kigali,26.62,29
1756807200,Kampala,28.92,31
1756810800,Cape Town,18.09,62
1756810800,Kigali,26.62,26
1756810800,Kampala,28.35,33
1756814400,Cape Town,17.68,63
1756814400,Kigali,27.62,23
1756814400,Kampala,27.38,36
1756818000,Cape Town,18.41,60
1756818000,Kigali,28.09,23
1756818000,Kampala,25.84,42
1756821600,Cape Town,17.6,65
1756821600,Kigali,26.98,23
1756821600,Kampala,24.82,47
1756825200,Cape Town,17.2,67
1756825200,Kigali,26.98,21
1756825200,Kampala,23.78,52
1756828800,Cape Town,16.95,67
1756828800,Kigali,25.87,21
1756828800,Kampala,22.49,58
1756832400,Cape Town,14.94,78
1756832400,Kigali,24.76,26
1756832400,Kampala,22.02,63
1756836000,Cape Town,13.85,80
1756836000,Kigali,24.62,27
1756836000,Kampala,21.82,65
1756839600,Cape Town,13.12,83
1756839600,Kigali,24.2,29
1756839600,Kampala,21.66,66
1756843200,Cape Town,12.73,76
1756843200,Kigali,23.09,31
1756843200,Kampala,21.63,65
1756846800,Cape Town,12.85,76
1756846800,Kigali,21.98,35
1756846800,Kampala,21.05,66
1756850400,Cape Town,12.45,77
1756850400,Kigali,19.76,46
1756850400,Kampala,20.9,65
1756857600,Cape Town,10.95,79
1756857600,Kigali,19.76,46
1756857600,Kampala,20.23,66
1756861200,Cape Town,10.67,78
1756861200,Kigali,16.98,55
1756861200,Kampala,18.79,72
1756864800,Cape Town,10.34,81
1756864800,Kigali,16.98,52
1756864800,Kampala,17.92,75
1756868400,Cape Town,10.62,81
1756868400,Kigali,15.87,59
1756868400,Kampala,17.05,78
1756872000,Cape Town,10.93,80
1756872000,Kigali,15.87,55
1756872000,Kampala,16.65,79
1756875600,Cape Town,10.48,83
1756875600,Kigali,15.87,55
1756875600,Kampala,20.4,65
1756879200,Cape Town,11.54,81
1756879200,Kigali,16.62,55
1756879200,Kampala,24.34,48
1756882800,Cape Town,13.56,80
1756882800,Kigali,19.62,52
1756882800,Kampala,27.28,37
1756886400,Cape Town,16.05,76
1756886400,Kigali,22.62,40
1756886400,Kampala,29.59,30
1756890000,Cape Town,17.99,69
1756890000,Kigali,23.62,33
1756890000,Kampala,30.54,29
1756893600,Cape Town,18.39,66
1756893600,Kigali,25.62,29
1756893600,Kampala,28.01,34
1756897200,Cape Town,19.94,59
1756897200,Kigali,25.62,29
1756897200,Kampala,26.79,39
1756900800,Cape Town,20.61,57
1756900800,Kigali,26.62,28
1756900800,Kampala,25.1,45
1756904400,Cape Town,19.72,55
1756904400,Kigali,26.62,28
1756904400,Kampala,24.43,49
1756908000,Cape Town,19.54,60
1756908000,Kigali,26.62,28
1756908000,Kampala,24.36,49
1756911600,Cape Town,18.36,66
1756911600,Kigali,25.87,28
1756911600,Kampala,23.3,53
1756915200,Cape Town,17.41,67
1756915200,Kigali,24.2,33
1756915200,Kampala,22.2,57
1756918800,Cape Town,15.77,75
1756918800,Kigali,24.2,33
1756918800,Kampala,21.17,63
1756922400,Cape Town,15.07,78
1756922400,Kigali,21.98,40
1756922400,Kampala,20.64,66
1756926000,Cape Town,14.8,79
1756926000,Kigali,21.98,43
1756926000,Kampala,19.79,69
1756929600,Cape Town,14.56,79
1756929600,Kigali,21.98,43
1756929600,Kampala,19.27,70
1756933200,Cape Town,14.16,78
1756933200,Kigali,20.87,49
1756933200,Kampala,18.47,72
1756936800,Cape Town,13.83,78
1756936800,Kigali,20.87,46
1756936800,Kampala,17.8,75
1756944000,Cape Town,14.11,77
1756944000,Kigali,18.09,59
1756944000,Kampala,17.22,78
1756947600,Cape Town,13.99,77
1756947600,Kigali,19.2,56
1756947600,Kampala,18.14,74
1756951200,Cape Town,13.76,78
1756951200,Kigali,19.2,56
1756951200,Kampala,18.53,72
1756954800,Cape Town,13.71,79
1756954800,Kigali,16.98,67
1756954800,Kampala,18.7,71
1756958400,Cape Town,13.57,80
1756958400,Kigali,16.98,67
1756958400,Kampala,18.76,70
1756962000,Cape Town,13.64,80
1756962000,Kigali,16.98,67
1756962000,Kampala,20.0,66
1756965600,Cape Town,14.41,78
1756965600,Kigali,17.62,68
1756965600,Kampala,21.99,58
1756969200,Cape Town,15.45,78
1756969200,Kigali,20.62,60
1756969200,Kampala,25.54,45
1756972800,Cape Town,16.26,80
1756972800,Kigali,22.62,46
1756972800,Kampala,28.95,34
1756976400,Cape Town,16.28,74
1756976400,Kigali,25.62,38
1756976400,Kampala,29.73,32
1756980000,Cape Town,16.84,68
1756980000,Kigali,26.62,36
1756980000,Kampala,29.43,33
1756983600,Cape Town,17.48,51
1756983600,Kigali,26.62,29
1756983600,Kampala,27.75,38
1756987200,Cape Town,18.04,51
1756987200,Kigali,26.98,28
1756987200,Kampala,26.41,42
1756990800,Cape Town,17.8,51
1756990800,Kigali,28.09,26
1756990800,Kampala,26.13,44
1756994400,Cape Town,16.41,73
1756994400,Kigali,28.09,26
1756994400,Kampala,25.8,46
1756998000,Cape Town,15.76,78
1756998000,Kigali,26.98,30
1756998000,Kampala,24.56,51
1757001600,Cape Town,15.54,78
1757001600,Kigali,26.98,32
1757001600,Kampala,22.29,61
1757005200,Cape Town,15.29,81
1757005200,Kigali,25.87,32
1757005200,Kampala,21.07,70
1757008800,Cape Town,15.2,81
1757008800,Kigali,25.87,34
1757008800,Kampala,20.66,73
1757012400,Cape Town,14.85,81
1757012400,Kigali,25.87,34
1757012400,Kampala,19.65,78
1757016000,Cape Town,15.05,81
1757016000,Kigali,24.2,36
1757016000,Kampala,19.24,79
1757019600,Cape Town,15.34,80
1757019600,Kigali,23.09,41
1757019600,Kampala,18.81,80
1757023200,Cape Town,15.97,78
1757023200,Kigali,21.98,43
1757023200,Kampala,18.41,79
1757030400,Cape Town,16.08,77
1757030400,Kigali,20.87,46
1757030400,Kampala,17.77,79
1757034000,Cape Town,15.49,77
1757034000,Kigali,19.2,60
1757034000,Kampala,17.56,81
1757037600,Cape Town,15.2,78
1757037600,Kigali,18.09,63
1757037600,Kampala,17.21,83
1757041200,Cape Town,15.26,75
1757041200,Kigali,18.09,63
1757041200,Kampala,16.95,85
1757044800,Cape Town,15.54,75
1757044800,Kigali,19.2,56
1757044800,Kampala,17.18,83
1757048400,Cape Town,15.35,78
1757048400,Kigali,19.2,56
1757048400,Kampala,20.56,70
1757052000,Cape Town,15.27,78
1757052000,Kigali,19.2,64
1757052000,Kampala,24.69,53
1757055600,Cape Town,16.16,83
1757055600,Kigali,21.98,46
1757055600,Kampala,27.63,42
1757059200,Cape Town,17.31,78
1757059200,Kigali,23.09,44
1757059200,Kampala,29.08,37
1757062800,Cape Town,18.28,75
1757062800,Kigali,24.2,38
1757062800,Kampala,29.86,35
1757066400,Cape Town,18.42,68
1757066400,Kigali,24.76,39
1757066400,Kampala,28.14,38
1757070000,Cape Town,18.8,65
1757070000,Kigali,25.87,34
1757070000,Kampala,26.07,47
1757073600,Cape Town,19.01,63
1757073600,Kigali,25.87,34
1757073600,Kampala,25.99,48
1757077200,Cape Town,18.11,61
1757077200,Kigali,26.98,32
1757077200,Kampala,25.3,50
1757080800,Cape Town,16.79,71
1757080800,Kigali,26.98,32
1757080800,Kampala,26.15,46
1757084400,Cape Town,16.65,63
1757084400,Kigali,25.87,32
1757084400,Kampala,25.35,49
1757088000,Cape Town,15.61,66
1757088000,Kigali,26.62,32
1757088000,Kampala,22.19,63
1757091600,Cape Town,14.25,72
1757091600,Kigali,25.62,36
1757091600,Kampala,20.29,73
1757095200,Cape Town,14.49,69
1757095200,Kigali,25.62,36
1757095200,Kampala,19.94,76
1757098800,Cape Town,13.73,79
1757098800,Kigali,23.62,43
1757098800,Kampala,19.48,79
1757102400,Cape Town,13.9,73
1757102400,Kigali,23.62,43
1757102400,Kampala,19.03,81
1757106000,Cape Town,13.65,73
1757106000,Kigali,22.62,49
1757106000,Kampala,18.81,81
1757109600,Cape Town,13.54,75
1757109600,Kigali,21.62,56
1757109600,Kampala,18.23,82
1757116800,Cape Town,13.2,76
1757116800,Kigali,20.62,56
1757116800,Kampala,17.15,86
1757120400,Cape Town,12.98,75
1757120400,Kigali,20.62,60
1757120400,Kampala,16.7,88
1757124000,Cape Town,12.93,75
1757124000,Kigali,19.62,60
1757124000,Kampala,16.67,87
1757127600,Cape Town,12.86,76
1757127600,Kigali,17.62,72
1757127600,Kampala,16.44,88
1757131200,Cape Town,13.07,76
1757131200,Kigali,16.98,67
1757131200,Kampala,16.59,87
1757134800,Cape Town,12.93,75
1757134800,Kigali,18.09,63
1757134800,Kampala,19.65,72
1757138400,Cape Town,14.03,73
1757138400,Kigali,20.62,56
1757138400,Kampala,23.53,56
1757142000,Cape Town,15.45,74
1757142000,Kigali,20.62,64
1757142000,Kampala,26.94,44
1757145600,Cape Town,16.49,69
1757145600,Kigali,24.62,41
1757145600,Kampala,29.8,35
1757149200,Cape Town,17.78,66
1757149200,Kigali,25.87,32
1757149200,Kampala,31.16,32
1757152800,Cape Town,18.08,67
1757152800,Kigali,25.87,32
1757152800,Kampala,28.25,39
1757156400,Cape Town,18.64,66
1757156400,Kigali,27.62,26
1757156400,Kampala,26.24,45
1757160000,Cape Town,18.54,61
1757160000,Kigali,29.2,25
1757160000,Kampala,25.44,49
1757163600,Cape Town,18.25,58
1757163600,Kigali,26.98,24
1757163600,Kampala,24.46,55
1757167200,Cape Town,18.07,60
1757167200,Kigali,28.09,26
1757167200,Kampala,24.72,53
1757170800,Cape Town,17.16,60
1757170800,Kigali,28.09,26
1757170800,Kampala,23.63,58
1757174400,Cape Town,15.82,67
1757174400,Kigali,25.87,28
1757174400,Kampala,21.33,69
1757178000,Cape Town,14.23,73
1757178000,Kigali,24.76,31
1757178000,Kampala,21.72,67
1757181600,Cape Town,13.92,80
1757181600,Kigali,24.76,31
1757181600,Kampala,21.27,69
1757185200,Cape Town,13.47,77
1757185200,Kigali,23.09,38
1757185200,Kampala,19.76,76
1757188800,Cape Town,13.81,83
1757188800,Kigali,23.09,33
1757188800,Kampala,18.98,79
1757192400,Cape Town,14.29,82
1757192400,Kigali,23.09,33
1757192400,Kampala,18.27,81
1757196000,Cape Town,13.77,83
1757196000,Kigali,23.09,38
1757196000,Kampala,17.24,87
1757203200,Cape Town,13.27,85
1757203200,Kigali,20.87,53
1757203200,Kampala,16.98,87
1757206800,Cape Town,13.44,86
1757206800,Kigali,19.76,60
1757206800,Kampala,16.66,90
1757210400,Cape Town,14.19,84
1757210400,Kigali,19.2,60
1757210400,Kampala,16.11,93
1757214000,Cape Town,14.0,85
1757214000,Kigali,19.2,60
1757214000,Kampala,16.04,93
1757217600,Cape Town,14.07,84
1757217600,Kigali,16.98,67
1757217600,Kampala,16.16,91
1757221200,Cape Town,13.97,83
1757221200,Kigali,16.98,72
1757221200,Kampala,19.11,79
1757224800,Cape Town,14.69,82
1757224800,Kigali,20.62,64
1757224800,Kampala,22.9,61
1757228400,Cape Town,15.99,76
1757228400,Kigali,22.62,56
1757228400,Kampala,26.44,47
1757232000,Cape Town,16.5,75
1757232000,Kigali,24.62,44
1757232000,Kampala,28.76,39
1757235600,Cape Town,17.25,72
1757235600,Kigali,26.62,32
1757235600,Kampala,30.65,34
1757239200,Cape Town,17.46,72
1757239200,Kigali,26.62,28
1757239200,Kampala,30.92,33
1757242800,Cape Town,17.69,66
1757242800,Kigali,27.62,28
1757242800,Kampala,28.36,37
1757246400,Cape Town,17.67,64
1757246400,Kigali,28.09,30
1757246400,Kampala,26.66,42
1757250000,Cape Town,16.97,67
1757250000,Kigali,27.62,30
1757250000,Kampala,24.64,49
1757253600,Cape Town,16.58,68
1757253600,Kigali,27.62,26
1757253600,Kampala,24.1,53
1757257200,Cape Town,16.11,69
1757257200,Kigali,26.98,26
1757257200,Kampala,24.15,52
1757260800,Cape Town,15.43,70
1757260800,Kigali,26.98,24
1757260800,Kampala,21.89,61
1757264400,Cape Town,15.31,72
1757264400,Kigali,25.87,26
1757264400,Kampala,21.18,65
1757268000,Cape Town,15.47,70
1757268000,Kigali,23.09,53
1757268000,Kampala,20.28,70
1757271600,Cape Town,14.89,73
1757271600,Kigali,23.09,53
1757271600,Kampala,19.39,73
1757275200,Cape Town,14.95,70
1757275200,Kigali,21.98,56
1757275200,Kampala,19.2,73
1757278800,Cape Town,14.78,73
1757278800,Kigali,21.98,56
1757278800,Kampala,19.58,69
1757282400,Cape Town,15.19,68
1757282400,Kigali,20.87,60
1757282400,Kampala,20.44,63
1757289600,Cape Town,15.11,72
1757289600,Kigali,19.76,64
1757289600,Kampala,20.12,66
1757296800,Cape Town,14.92,69
1757296800,Kigali,19.2,68
1757296800,Kampala,19.76,70
1757300400,Cape Town,16.08,63
1757300400,Kigali,19.76,64
1757300400,Kampala,19.56,73
1757304000,Cape Town,15.86,64
1757304000,Kigali,16.98,82
1757304000,Kampala,19.57,74
1757307600,Cape Town,15.02,68
1757307600,Kigali,18.09,77
1757307600,Kampala,19.75,78
1757311200,Cape Town,16.54,64
1757311200,Kigali,19.2,72
1757311200,Kampala,21.43,67
1757314800,Cape Town,18.49,68
1757314800,Kigali,20.87,64
1757314800,Kampala,22.58,60
1757318400,Cape Town,20.22,63
1757318400,Kigali,24.62,44
1757318400,Kampala,23.81,56
1757322000,Cape Town,20.82,61
1757322000,Kigali,25.62,41
1757322000,Kampala,24.25,54
1757325600,Cape Town,23.14,47
1757325600,Kigali,25.62,38
1757325600,Kampala,23.87,54
1757329200,Cape Town,23.58,48
1757329200,Kigali,27.62,34
1757329200,Kampala,22.67,59
1757332800,Cape Town,25.06,45
1757332800,Kigali,28.09,32
1757332800,Kampala,23.88,53
1757336400,Cape Town,25.47,49
1757336400,Kigali,28.09,30
1757336400,Kampala,25.0,49
1757340000,Cape Town,25.26,52
1757340000,Kigali,23.62,50
1757340000,Kampala,25.86,43
1757343600,Cape Town,23.77,52
1757343600,Kigali,23.62,46
1757343600,Kampala,25.45,44
1757347200,Cape Town,22.97,57
1757347200,Kigali,23.09,47
1757347200,Kampala,21.32,58
1757350800,Cape Town,20.94,64
1757350800,Kigali,23.09,47
1757350800,Kampala,19.91,67
1757354400,Cape Town,19.22,66
1757354400,Kigali,23.09,50
1757354400,Kampala,20.35,66
1757358000,Cape Town,19.19,67
1757358000,Kigali,23.09,47
1757358000,Kampala,18.86,73
1757361600,Cape Town,18.04,68
1757361600,Kigali,23.09,44
1757361600,Kampala,18.36,76
1757365200,Cape Town,17.98,67
1757365200,Kigali,21.98,49
1757365200,Kampala,18.08,77
1757368800,Cape Town,16.71,68
1757368800,Kigali,21.98,49
1757368800,Kampala,17.99,76
1757376000,Cape Town,17.22,67
1757376000,Kigali,19.76,60
1757376000,Kampala,18.54,73
1757379600,Cape Town,16.09,72
1757379600,Kigali,19.76,60
1757379600,Kampala,18.99,71
1757383200,Cape Town,14.66,74
1757383200,Kigali,19.76,60
1757383200,Kampala,18.45,74
1757386800,Cape Town,14.67,75
1757386800,Kigali,19.2,64
1757386800,Kampala,17.97,77
1757390400,Cape Town,15.69,71
1757390400,Kigali,19.2,64
1757390400,Kampala,17.68,79
1757394000,Cape Town,14.56,76
1757394000,Kigali,19.2,68
1757394000,Kampala,18.7,78
1757397600,Cape Town,14.74,77
1757397600,Kigali,20.87,60
1757397600,Kampala,22.23,62
1757401200,Cape Town,17.11,73
1757401200,Kigali,23.62,50
1757401200,Kampala,26.43,45
1757404800,Cape Town,18.85,74
1757404800,Kigali,25.62,44
1757404800,Kampala,28.59,39
1757408400,Cape Town,20.58,71
1757408400,Kigali,26.62,39
1757408400,Kampala,29.35,37
1757412000,Cape Town,21.7,62
1757412000,Kigali,26.98,32
1757412000,Kampala,28.81,39
1757415600,Cape Town,21.11,57
1757415600,Kigali,26.98,32
1757415600,Kampala,26.83,45
1757419200,Cape Town,20.93,55
1757419200,Kigali,28.09,30
1757419200,Kampala,26.29,49
1757422800,Cape Town,19.23,62
1757422800,Kigali,28.09,32
1757422800,Kampala,24.63,55
1757426400,Cape Town,18.38,56
1757426400,Kigali,29.2,28
1757426400,Kampala,23.8,56
1757430000,Cape Town,16.61,81
1757430000,Kigali,25.87,42
1757430000,Kampala,23.24,58
1757433600,Cape Town,15.81,71
1757433600,Kigali,25.87,42
1757433600,Kampala,21.96,64
1757437200,Cape Town,15.91,77
1757437200,Kigali,24.76,41
1757437200,Kampala,20.22,67
1757440800,Cape Town,15.1,86
1757440800,Kigali,24.2,41
1757440800,Kampala,19.54,69
1757444400,Cape Town,14.51,88
1757444400,Kigali,24.62,41
1757444400,Kampala,19.08,69
1757448000,Cape Town,14.24,80
1757448000,Kigali,24.62,44
1757448000,Kampala,18.69,69
1757451600,Cape Town,14.08,89
1757451600,Kigali,23.09,47
1757451600,Kampala,18.37,69
1757455200,Cape Town,14.11,90
1757455200,Kigali,21.98,53
1757455200,Kampala,17.89,72
1757462400,Cape Town,13.84,91
1757462400,Kigali,20.87,56
1757462400,Kampala,17.8,82
1757466000,Cape Town,13.95,92
1757466000,Kigali,20.87,56
1757466000,Kampala,17.6,84
1757469600,Cape Town,13.61,90
1757469600,Kigali,19.76,60
1757469600,Kampala,17.31,87
1757473200,Cape Town,13.93,82
1757473200,Kigali,19.2,64
1757473200,Kampala,17.08,89
1757476800,Cape Town,13.68,91
1757476800,Kigali,19.2,64
1757476800,Kampala,17.04,89
1757480400,Cape Town,13.49,92
1757480400,Kigali,19.76,64
1757480400,Kampala,19.98,78
1757484000,Cape Town,13.55,92
1757484000,Kigali,20.87,64
1757484000,Kampala,23.69,63
1757487600,Cape Town,13.72,92
1757487600,Kigali,21.98,60
1757487600,Kampala,27.17,46
1757491200,Cape Town,15.37,83
1757491200,Kigali,24.76,50
1757491200,Kampala,29.11,37
1757494800,Cape Town,17.26,69
1757494800,Kigali,25.87,44
1757494800,Kampala,29.9,35
1757498400,Cape Town,17.64,65
1757498400,Kigali,25.87,44
1757498400,Kampala,29.72,35
1757502000,Cape Town,17.74,64
1757502000,Kigali,25.62,50
1757502000,Kampala,28.61,38
1757505600,Cape Town,18.91,48
1757505600,Kigali,21.98,53
1757505600,Kampala,28.42,39
1757509200,Cape Town,17.82,64
1757509200,Kigali,19.76,68
1757509200,Kampala,27.7,42
1757512800,Cape Town,17.82,62
1757512800,Kigali,20.87,64
1757512800,Kampala,26.74,44
1757516400,Cape Town,17.13,67
1757516400,Kigali,21.98,56
1757516400,Kampala,24.72,53
1757520000,Cape Town,15.75,80
1757520000,Kigali,20.87,53
1757520000,Kampala,21.97,64
1757523600,Cape Town,15.18,83
1757523600,Kigali,20.87,53
1757523600,Kampala,20.15,74
1757527200,Cape Town,14.9,86
1757527200,Kigali,20.87,56
1757527200,Kampala,19.37,78
1757530800,Cape Town,14.03,88
1757530800,Kigali,19.76,60
1757530800,Kampala,18.8,80
1757534400,Cape Town,13.73,89
1757534400,Kigali,19.76,60
1757534400,Kampala,18.2,81
1757538000,Cape Town,14.03,88
1757538000,Kigali,19.2,68
1757538000,Kampala,17.84,82
1757541600,Cape Town,13.7,89
1757541600,Kigali,18.09,72
1757541600,Kampala,17.48,83
1757548800,Cape Town,13.7,89
1757548800,Kigali,16.98,77
1757548800,Kampala,16.81,84
1757552400,Cape Town,14.07,86
1757552400,Kigali,18.09,77
1757552400,Kampala,16.57,85
1757556000,Cape Town,13.91,85
1757556000,Kigali,15.87,88
1757556000,Kampala,16.28,86
1757559600,Cape Town,14.13,84
1757559600,Kigali,14.76,93
1757559600,Kampala,16.09,88
1757563200,Cape Town,14.25,82
1757563200,Kigali,15.87,88
1757563200,Kampala,16.5,86
1757566800,Cape Town,13.79,84
1757566800,Kigali,15.87,88
1757566800,Kampala,19.61,72
1757570400,Cape Town,14.24,84
1757570400,Kigali,19.2,72
1757570400,Kampala,23.33,56
1757574000,Cape Town,15.5,80
1757574000,Kigali,21.98,60
1757574000,Kampala,26.76,44
1757577600,Cape Town,16.41,79
1757577600,Kigali,21.98,60
1757577600,Kampala,29.58,36
1757581200,Cape Town,16.98,78
1757581200,Kigali,25.62,47
1757581200,Kampala,30.82,33
1757584800,Cape Town,17.69,75
1757584800,Kigali,25.87,39
1757584800,Kampala,28.44,38
1757588400,Cape Town,16.98,78
1757588400,Kigali,25.87,39
1757588400,Kampala,25.79,49
1757592000,Cape Town,16.73,84
1757592000,Kigali,28.62,34
1757592000,Kampala,25.7,50
1757595600,Cape Town,17.58,78
1757595600,Kigali,29.2,33
1757595600,Kampala,25.3,50
1757599200,Cape Town,17.57,76
1757599200,Kigali,22.62,60
1757599200,Kampala,25.35,51
1757602800,Cape Town,17.29,74
1757602800,Kigali,21.98,69
1757602800,Kampala,24.17,55
1757606400,Cape Town,16.85,75
1757606400,Kigali,21.98,64
1757606400,Kampala,21.19,68
1757610000,Cape Town,15.74,79
1757610000,Kigali,21.98,60
1757610000,Kampala,19.48,78
1757613600,Cape Town,15.44,81
1757613600,Kigali,20.87,60
1757613600,Kampala,18.36,85
1757617200,Cape Town,15.13,79
1757617200,Kigali,19.76,60
1757617200,Kampala,17.79,88
1757620800,Cape Town,15.11,79
1757620800,Kigali,19.76,60
1757620800,Kampala,17.51,89
1757624400,Cape Town,14.72,81
1757624400,Kigali,19.2,68
1757624400,Kampala,17.11,90
1757628000,Cape Town,14.75,80
1757628000,Kigali,19.2,68
1757628000,Kampala,16.84,91
1757635200,Cape Town,14.02,79
1757635200,Kigali,18.09,77
1757635200,Kampala,16.81,92
1757638800,Cape Town,14.0,80
1757638800,Kigali,16.98,82
1757638800,Kampala,16.5,93
1757642400,Cape Town,13.77,80
1757642400,Kigali,16.98,82
1757642400,Kampala,16.17,94
1757646000,Cape Town,13.65,80
1757646000,Kigali,16.98,88
1757646000,Kampala,16.47,93
1757649600,Cape Town,13.5,81
1757649600,Kigali,15.87,93
1757649600,Kampala,16.36,93
1757653200,Cape Town,13.15,82
1757653200,Kigali,16.98,82
1757653200,Kampala,19.1,80
1757656800,Cape Town,14.37,78
1757656800,Kigali,18.09,77
1757656800,Kampala,22.74,63
1757660400,Cape Town,15.84,74
1757660400,Kigali,20.87,64
1757660400,Kampala,26.24,48
1757664000,Cape Town,16.75,71
1757664000,Kigali,23.62,53
1757664000,Kampala,28.73,39
1757667600,Cape Town,17.22,69
1757667600,Kigali,24.62,44
1757667600,Kampala,29.61,36
1757671200,Cape Town,18.3,66
1757671200,Kigali,24.76,41
1757671200,Kampala,28.13,39
1757674800,Cape Town,18.44,67
1757674800,Kigali,26.62,39
1757674800,Kampala,27.47,42
1757678400,Cape Town,19.01,67
1757678400,Kigali,25.87,39
1757678400,Kampala,26.31,47
1757682000,Cape Town,18.31,71
1757682000,Kigali,26.98,34
1757682000,Kampala,25.65,48
1757685600,Cape Town,17.39,75
1757685600,Kigali,26.98,34
1757685600,Kampala,25.35,49
1757689200,Cape Town,16.92,76
1757689200,Kigali,25.87,36
1757689200,Kampala,24.32,53
1757692800,Cape Town,16.09,78
1757692800,Kigali,26.62,34
1757692800,Kampala,22.29,62
1757696400,Cape Town,15.46,80
1757696400,Kigali,23.09,50
1757696400,Kampala,20.96,71
1757700000,Cape Town,15.61,80
1757700000,Kigali,23.62,50
1757700000,Kampala,19.65,77
1757703600,Cape Town,15.64,80
1757703600,Kigali,23.09,50
1757703600,Kampala,19.02,80
1757707200,Cape Town,15.46,82
1757707200,Kigali,23.62,50
1757707200,Kampala,18.28,83
1757710800,Cape Town,15.28,83
1757710800,Kigali,23.62,50
1757710800,Kampala,17.48,87
1757714400,Cape Town,15.05,83
1757714400,Kigali,22.62,53
1757714400,Kampala,17.02,88
1757718000,Cape Town,14.88,85
1757718000,Kigali,22.62,56
1757718000,Kampala,17.54,86
1757725200,Cape Town,14.87,85
1757725200,Kigali,21.62,60
1757725200,Kampala,17.21,87
1757728800,Cape Town,14.72,86
1757728800,Kigali,20.62,64
1757728800,Kampala,16.66,92
1757732400,Cape Town,14.53,86
1757732400,Kigali,20.62,64
1757732400,Kampala,16.2,95
1757736000,Cape Town,14.63,86
1757736000,Kigali,20.62,68
1757736000,Kampala,16.27,96
1757739600,Cape Town,14.79,86
1757739600,Kigali,19.76,68
1757739600,Kampala,18.89,85
1757743200,Cape Town,15.73,83
1757743200,Kigali,19.76,73
1757743200,Kampala,21.7,72
1757746800,Cape Town,17.12,79
1757746800,Kigali,21.62,64
1757746800,Kampala,22.85,73
1757750400,Cape Town,18.07,73
1757750400,Kigali,22.62,60
1757750400,Kampala,24.7,62
1757754000,Cape Town,19.28,70
1757754000,Kigali,24.62,50
1757754000,Kampala,27.62,45
1757757600,Cape Town,19.2,70
1757757600,Kigali,24.62,53
1757757600,Kampala,29.4,37
1757761200,Cape Town,18.77,69
1757761200,Kigali,25.62,47
1757761200,Kampala,29.29,37
1757764800,Cape Town,18.74,68
1757764800,Kigali,25.62,44
1757764800,Kampala,27.72,42
1757768400,Cape Town,18.11,69
1757768400,Kigali,24.62,50
1757768400,Kampala,25.59,50
1757772000,Cape Town,17.81,71
1757772000,Kigali,24.62,50
1757772000,Kampala,23.91,59
1757775600,Cape Town,17.35,72
1757775600,Kigali,24.2,50
1757775600,Kampala,22.78,65
1757779200,Cape Town,16.62,73
1757779200,Kigali,23.09,57
1757779200,Kampala,20.56,75
1757782800,Cape Town,15.99,76
1757782800,Kigali,20.87,60
1757782800,Kampala,18.3,91
1757786400,Cape Town,15.89,76
1757786400,Kigali,21.98,56
1757786400,Kampala,17.71,94
1757790000,Cape Town,15.83,77
1757790000,Kigali,21.98,53
1757790000,Kampala,17.59,93
1757793600,Cape Town,15.8,78
1757793600,Kigali,20.87,56
1757793600,Kampala,17.6,93
1757797200,Cape Town,15.38,79
1757797200,Kigali,19.76,60
1757797200,Kampala,17.29,94
1757800800,Cape Town,15.35,81
1757800800,Kigali,19.76,60
1757800800,Kampala,16.98,95
1757808000,Cape Town,15.29,82
1757808000,Kigali,19.2,64
1757808000,Kampala,16.7,96
1757811600,Cape Town,14.63,83
1757811600,Kigali,18.09,72
1757811600,Kampala,16.45,96
1757815200,Cape Town,14.55,83
1757815200,Kigali,18.09,68
1757815200,Kampala,16.3,96
1757818800,Cape Town,15.23,82
1757818800,Kigali,16.98,72
1757818800,Kampala,16.21,96
1757822400,Cape Town,14.79,83
1757822400,Kigali,15.87,82
1757822400,Kampala,16.13,96
1757826000,Cape Town,14.77,83
1757826000,Kigali,16.98,77
1757826000,Kampala,18.06,90
1757829600,Cape Town,15.64,81
1757829600,Kigali,20.62,68
1757829600,Kampala,20.81,78
1757833200,Cape Town,16.81,77
1757833200,Kigali,22.62,60
1757833200,Kampala,24.57,58
1757836800,Cape Town,17.83,73
1757836800,Kigali,23.62,50
1757836800,Kampala,27.7,45
1757840400,Cape Town,18.67,70
1757840400,Kigali,26.62,39
1757840400,Kampala,29.86,37
1757844000,Cape Town,19.36,67
1757844000,Kigali,27.62,39
1757844000,Kampala,30.71,35
1757847600,Cape Town,19.64,64
1757847600,Kigali,27.62,34
1757847600,Kampala,30.39,36
1757851200,Cape Town,20.01,62
1757851200,Kigali,28.09,30
1757851200,Kampala,27.88,45
1757854800,Cape Town,20.62,54
1757854800,Kigali,29.2,33
1757854800,Kampala,25.6,54
1757858400,Cape Town,17.43,72
1757858400,Kigali,26.98,34
1757858400,Kampala,25.13,55
1757862000,Cape Town,19.3,60
1757862000,Kigali,28.62,32
1757862000,Kampala,24.76,57
1757865600,Cape Town,17.84,70
1757865600,Kigali,26.62,36
1757865600,Kampala,21.98,68
1757869200,Cape Town,16.12,75
1757869200,Kigali,23.62,53
1757869200,Kampala,20.83,76
1757872800,Cape Town,14.8,79
1757872800,Kigali,23.09,53
1757872800,Kampala,21.03,75
1757876400,Cape Town,13.81,80
1757876400,Kigali,20.87,60
1757876400,Kampala,20.79,74
1757880000,Cape Town,13.0,82
1757880000,Kigali,20.87,60
1757880000,Kampala,20.15,77
1757883600,Cape Town,12.76,84
1757883600,Kigali,19.76,60
1757883600,Kampala,19.03,82
1757887200,Cape Town,12.09,86
1757887200,Kigali,19.2,68
1757887200,Kampala,18.36,84
1757894400,Cape Town,11.8,88
1757894400,Kigali,19.2,68
1757894400,Kampala,17.64,88
1757901600,Cape Town,13.33,85
1757901600,Kigali,18.09,72
1757901600,Kampala,17.76,88
1757905200,Cape Town,12.41,87
1757905200,Kigali,18.09,72
1757905200,Kampala,17.27,92
1757908800,Cape Town,12.66,88
1757908800,Kigali,16.98,82
1757908800,Kampala,16.95,94
1757912400,Cape Town,12.95,86
1757912400,Kigali,16.98,88
1757912400,Kampala,18.51,87
1757916000,Cape Town,13.34,84
1757916000,Kigali,18.62,77
1757916000,Kampala,21.61,74
1757919600,Cape Town,14.55,79
1757919600,Kigali,20.62,64
1757919600,Kampala,26.11,49
1757923200,Cape Town,15.56,75
1757923200,Kigali,21.62,60
1757923200,Kampala,29.22,37
1757926800,Cape Town,15.77,74
1757926800,Kigali,22.62,60
1757926800,Kampala,30.24,35
1757930400,Cape Town,16.04,73
1757930400,Kigali,25.62,47
1757930400,Kampala,29.93,36
1757934000,Cape Town,16.39,72
1757934000,Kigali,24.76,47
1757934000,Kampala,29.5,37
1757937600,Cape Town,15.8,73
1757937600,Kigali,23.62,57
1757937600,Kampala,28.45,41
1757941200,Cape Town,15.29,75
1757941200,Kigali,22.62,60
1757941200,Kampala,26.71,49
1757944800,Cape Town,14.91,77
1757944800,Kigali,21.62,60
1757944800,Kampala,25.32,53
1757948400,Cape Town,14.78,78
1757948400,Kigali,17.62,88
1757948400,Kampala,24.76,57
1757952000,Cape Town,13.88,80
1757952000,Kigali,16.62,94
1757952000,Kampala,21.37,71
1757955600,Cape Town,13.65,84
1757955600,Kigali,17.62,88
1757955600,Kampala,18.46,91
1757959200,Cape Town,13.9,85
1757959200,Kigali,17.62,82
1757959200,Kampala,18.6,91
1757962800,Cape Town,13.96,85
1757962800,Kigali,17.62,82
1757962800,Kampala,18.24,92
1757966400,Cape Town,14.56,84
1757966400,Kigali,16.62,94
1757966400,Kampala,18.1,93
1757970000,Cape Town,14.64,90
1757970000,Kigali,16.62,94
1757970000,Kampala,18.01,93
1757973600,Cape Town,14.64,87
1757973600,Kigali,16.62,94
1757973600,Kampala,17.7,93
1757980800,Cape Town,14.19,89
1757980800,Kigali,15.87,100
1757980800,Kampala,17.32,93
1757984400,Cape Town,13.62,88
1757984400,Kigali,15.87,93
1757984400,Kampala,17.26,93
1757988000,Cape Town,13.28,89
1757988000,Kigali,14.76,100
1757988000,Kampala,17.31,92
1757991600,Cape Town,13.42,88
1757991600,Kigali,14.76,100
1757991600,Kampala,17.36,91
1757995200,Cape Town,12.89,86
1757995200,Kigali,14.76,100
1757995200,Kampala,17.29,91
1757998800,Cape Town,12.6,80
1757998800,Kigali,16.62,88
1757998800,Kampala,18.06,88
1758002400,Cape Town,13.18,74
1758002400,Kigali,17.62,82
1758002400,Kampala,19.76,79
1758006000,Cape Town,14.86,68
1758006000,Kigali,19.62,77
1758006000,Kampala,23.33,61
1758009600,Cape Town,15.91,64
1758009600,Kigali,21.62,64
1758009600,Kampala,25.55,52
1758013200,Cape Town,16.33,61
1758013200,Kigali,24.62,57
1758013200,Kampala,27.94,43
1758016800,Cape Town,15.98,60
1758016800,Kigali,25.62,53
1758016800,Kampala,28.33,42
1758020400,Cape Town,15.6,59
1758020400,Kigali,26.62,47
1758020400,Kampala,25.15,53
1758024000,Cape Town,15.1,59
1758024000,Kigali,26.98,39
1758024000,Kampala,22.99,62
1758027600,Cape Town,15.28,58
1758027600,Kigali,25.87,39
1758027600,Kampala,21.54,71
1758031200,Cape Town,14.46,60
1758031200,Kigali,26.98,39
1758031200,Kampala,20.65,77
1758034800,Cape Town,14.28,56
1758034800,Kigali,26.62,41
1758034800,Kampala,18.88,82
1758038400,Cape Town,13.7,58
1758038400,Kigali,23.62,53
1758038400,Kampala,18.28,85
1758042000,Cape Town,12.7,62
1758042000,Kigali,23.09,53
1758042000,Kampala,17.52,89
